{
  "result": {
    "best_iteration": [
      1733,
      1552,
      1823,
      1740,
      2910
    ],
    "score_offline": [
      0.943218,
      0.938234,
      0.946192,
      0.951493,
      0.930632
    ],
    "score_mean_offline": 0.9419538,
    "score_std_offline": 0.00710741788274758,
    "fold_results": [
      {
        "best_iteration": 1733,
        "score_offline": 0.943218,
        "feature_importance_dict": {
          "lda_mean_vector_by_1d_False_5_1": 0.02276863648181852,
          "lda_std_vector_by_1d_False_5_4": 0.025294357983879953,
          "lda_sum_B_vector_by_1d_5_0": 0.019760056457304165,
          "lda_sum_B_vector_by_1d_5_1": 0.02113434609813171,
          "lda_sum_B_vector_by_1d_5_2": 0.02161720462058463,
          "lda_sum_B_vector_by_1d_5_3": 0.030234372098205994,
          "lda_sum_B_vector_by_1d_5_4": 0.018497195706273447,
          "lda_sum_vector_by_1d_False_5_0": 0.02165434758385024,
          "len_std_count_by_non_zero_group_1d": 0.021728633510381457,
          "len_std_count_by_non_zero_group_3d": 0.02221149203283438,
          "max_ratio_FTR32_in_global_by_1t_False": 0.025368643910411173,
          "max_ratio_FTR42_in_global_by_1t_False": 0.023660067600193145,
          "max_ratio_FTR43_in_global_by_1t_False": 0.02715150614716042,
          "max_ratio_FTR43_in_global_by_3d_False": 0.02213720610630316,
          "max_ratio_FTR47_in_global_by_1t_False": 0.030197229134940384,
          "mean_FTR29_in_global_by_1d_True": 0.02837722393492553,
          "mean_FTR33_in_global_by_7d_False": 0.025071500204286296,
          "mean_FTR34_in_global_by_1t_False": 0.03859153883296809,
          "mean_FTR48_in_global_by_1t_False": 0.027374363926754075,
          "mean_FTR9_in_global_by_15d_False": 0.024737213534895813,
          "non_zero_count_FTR33_in_global_by_1d_True": 0.029602941722690637,
          "non_zero_count_FTR38_in_global_by_1d_True": 0.019500055714444898,
          "nunique_ratio2mean_ftr51_by_400d": 0.024068640196114845,
          "range_FTR33_in_global_by_30d_True": 0.02997437135534673,
          "range_FTR36_in_global_by_30d_False": 0.024217212049177282,
          "range_FTR9_in_global_by_1d_False": 0.036808676596218844,
          "rolling_sum2max_FTR30_30d": 0.03261152174720499,
          "rolling_sum2max_FTR33_45d": 0.021877205363443897,
          "rolling_sum2max_FTR33_7d": 0.032240092114548896,
          "rolling_sumratio2max_FTR41_45d": 0.030197229134940384,
          "rolling_sumratio2max_FTR43_15d": 0.030234372098205994,
          "std_FTR30_in_global_by_7d_True": 0.023511495747130705,
          "std_FTR35_in_global_by_15d_False": 0.022954351298146568,
          "std_FTR48_in_global_by_15d_False": 0.02496007131448947,
          "sum2mean_ftr51_by_400d": 0.022434349812428034,
          "sum_FTR33_in_global_by_1t_False": 0.01608290309400884,
          "sum_FTR41_in_global_by_1t_False": 0.029120083200237713,
          "sum_FTR42_in_global_by_1t_False": 0.02262006462875608,
          "sum_std_count_by_non_zero_group_3d": 0.02941722690636259
        }
      },
      {
        "best_iteration": 1552,
        "score_offline": 0.938234,
        "feature_importance_dict": {
          "lda_mean_vector_by_1d_False_5_1": 0.028373015873015873,
          "lda_std_vector_by_1d_False_5_4": 0.025753968253968255,
          "lda_sum_B_vector_by_1d_5_0": 0.022103174603174604,
          "lda_sum_B_vector_by_1d_5_1": 0.023095238095238096,
          "lda_sum_B_vector_by_1d_5_2": 0.020912698412698414,
          "lda_sum_B_vector_by_1d_5_3": 0.02503968253968254,
          "lda_sum_B_vector_by_1d_5_4": 0.015,
          "lda_sum_vector_by_1d_False_5_0": 0.0223015873015873,
          "len_std_count_by_non_zero_group_1d": 0.021904761904761906,
          "len_std_count_by_non_zero_group_3d": 0.01876984126984127,
          "max_ratio_FTR32_in_global_by_1t_False": 0.02507936507936508,
          "max_ratio_FTR42_in_global_by_1t_False": 0.02638888888888889,
          "max_ratio_FTR43_in_global_by_1t_False": 0.025793650793650792,
          "max_ratio_FTR43_in_global_by_3d_False": 0.029126984126984126,
          "max_ratio_FTR47_in_global_by_1t_False": 0.025833333333333333,
          "mean_FTR29_in_global_by_1d_True": 0.027182539682539683,
          "mean_FTR33_in_global_by_7d_False": 0.02214285714285714,
          "mean_FTR34_in_global_by_1t_False": 0.04051587301587302,
          "mean_FTR48_in_global_by_1t_False": 0.023174603174603174,
          "mean_FTR9_in_global_by_15d_False": 0.027063492063492064,
          "non_zero_count_FTR33_in_global_by_1d_True": 0.0323015873015873,
          "non_zero_count_FTR38_in_global_by_1d_True": 0.019325396825396825,
          "nunique_ratio2mean_ftr51_by_400d": 0.02226190476190476,
          "range_FTR33_in_global_by_30d_True": 0.02757936507936508,
          "range_FTR36_in_global_by_30d_False": 0.025555555555555557,
          "range_FTR9_in_global_by_1d_False": 0.03325396825396825,
          "rolling_sum2max_FTR30_30d": 0.025793650793650792,
          "rolling_sum2max_FTR33_45d": 0.022341269841269842,
          "rolling_sum2max_FTR33_7d": 0.030952380952380953,
          "rolling_sumratio2max_FTR41_45d": 0.036825396825396824,
          "rolling_sumratio2max_FTR43_15d": 0.03305555555555555,
          "std_FTR30_in_global_by_7d_True": 0.027103174603174605,
          "std_FTR35_in_global_by_15d_False": 0.029642857142857144,
          "std_FTR48_in_global_by_15d_False": 0.020158730158730157,
          "sum2mean_ftr51_by_400d": 0.026111111111111113,
          "sum_FTR33_in_global_by_1t_False": 0.022976190476190476,
          "sum_FTR41_in_global_by_1t_False": 0.021507936507936507,
          "sum_FTR42_in_global_by_1t_False": 0.019126984126984128,
          "sum_std_count_by_non_zero_group_3d": 0.02857142857142857
        }
      },
      {
        "best_iteration": 1823,
        "score_offline": 0.946192,
        "feature_importance_dict": {
          "lda_mean_vector_by_1d_False_5_1": 0.02551924576451407,
          "lda_std_vector_by_1d_False_5_4": 0.026299000496207557,
          "lda_sum_B_vector_by_1d_5_0": 0.022293896647054653,
          "lda_sum_B_vector_by_1d_5_1": 0.026334443893102716,
          "lda_sum_B_vector_by_1d_5_2": 0.026795208052739775,
          "lda_sum_B_vector_by_1d_5_3": 0.026511660877578506,
          "lda_sum_B_vector_by_1d_5_4": 0.01945842489544198,
          "lda_sum_vector_by_1d_False_5_0": 0.018501453179272702,
          "len_std_count_by_non_zero_group_1d": 0.022223009853264336,
          "len_std_count_by_non_zero_group_3d": 0.022719217409796554,
          "max_ratio_FTR32_in_global_by_1t_False": 0.030126887360884667,
          "max_ratio_FTR42_in_global_by_1t_False": 0.027468632593747783,
          "max_ratio_FTR43_in_global_by_1t_False": 0.029311689232296025,
          "max_ratio_FTR43_in_global_by_3d_False": 0.02328631176011909,
          "max_ratio_FTR47_in_global_by_1t_False": 0.0329978025093925,
          "mean_FTR29_in_global_by_1d_True": 0.0266888778620543,
          "mean_FTR33_in_global_by_7d_False": 0.02147869851846601,
          "mean_FTR34_in_global_by_1t_False": 0.03565605727652938,
          "mean_FTR48_in_global_by_1t_False": 0.02169135889983696,
          "mean_FTR9_in_global_by_15d_False": 0.02236478344084497,
          "non_zero_count_FTR33_in_global_by_1d_True": 0.029311689232296025,
          "non_zero_count_FTR38_in_global_by_1d_True": 0.01896221733890976,
          "nunique_ratio2mean_ftr51_by_400d": 0.024278726873183526,
          "range_FTR33_in_global_by_30d_True": 0.029914226979513715,
          "range_FTR36_in_global_by_30d_False": 0.024385057063869002,
          "range_FTR9_in_global_by_1d_False": 0.038987736584674276,
          "rolling_sum2max_FTR30_30d": 0.02371163252286099,
          "rolling_sum2max_FTR33_45d": 0.024030623094917415,
          "rolling_sum2max_FTR33_7d": 0.032218047777699016,
          "rolling_sumratio2max_FTR41_45d": 0.031119302473949104,
          "rolling_sumratio2max_FTR43_15d": 0.03033954774225562,