{
  "result": {
    "best_iteration": [
      1168,
      1810,
      1815,
      2326,
      1863
    ],
    "score_offline": [
      0.941262,
      0.942957,
      0.947774,
      0.954545,
      0.938793
    ],
    "score_mean_offline": 0.9450662000000001,
    "score_std_offline": 0.005575904066606584,
    "fold_results": [
      {
        "best_iteration": 1168,
        "score_offline": 0.941262,
        "feature_importance_dict": {
          "len_std_count_by_non_zero_group_3d": 0.02241973998408066,
          "lda_mean_vector_by_1d_False_5_1": 0.01866100645617759,
          "len_std_count_by_non_zero_group_1d": 0.02029716105067657,
          "range_FTR9_in_global_by_1d_False": 0.031484920845493945,
          "mean_FTR48_in_global_by_1t_False": 0.02029716105067657,
          "rolling_sum2max_FTR33_45d": 0.02149111170071637,
          "lda_sum_vector_by_1d_False_5_0": 0.021446891306270453,
          "mean_FTR34_in_global_by_1t_False": 0.033076855045547006,
          "rolling_sumratio2max_FTR43_15d": 0.028035730078712302,
          "year_count_max_s_zhang": 0.021579552489608207,
          "lda_sum_B_vector_by_1d_5_3_tfidf": 0.01839568408950208,
          "range_FTR36_in_global_by_30d_False": 0.02432121694525515,
          "nunique_ratio2mean_ftr51_by_400d": 0.018705226850623508,
          "max_ratio_FTR42_in_global_by_1t_False": 0.02286194392853984,
          "lda_std_vector_by_1d_False_5_4": 0.017024851861678608,
          "std_FTR35_in_global_by_15d_False": 0.018484124878393914,
          "lda_sum_B_vector_by_1d_5_2_tfidf": 0.019589634739541877,
          "lda_sum_B_vector_by_1d_5_0_tfidf": 0.014194746617139825,
          "sum_std_count_by_non_zero_group_3d": 0.025868930750862298,
          "lda_sum_B_vector_by_1d_5_4_tfidf": 0.025868930750862298,
          "raw_FTR30_MAX_s_zhang": 0.01950119395065004,
          "mean_FTR33_in_global_by_7d_False": 0.026797559034226585,
          "D7_hua_FTR34_SUM_MAX_s_zhang": 0.018572565667285754,
          "ftr51_FTR51_B_CONVERT_NUM_UNIQUE_s_zhang": 0.013266118333775537,
          "raw_FTR42_SUM_s_zhang": 0.021933315645175554,
          "non_zero_count_FTR33_in_global_by_1d_True": 0.02945078270098169,
          "D7_hua_FTR0_SUM_MAX_s_zhang": 0.02405589457857964,
          "raw_FTR41_SUM_s_zhang": 0.02723976297868577,
          "max_ratio_FTR43_in_global_by_3d_False": 0.02118156893959494,
          "rolling_sum2max_FTR30_30d": 0.025736269567524544,
          "std_FTR30_in_global_by_7d_True": 0.020385601839568408,
          "raw_FTR9_MAX_s_zhang": 0.01344299991155921,
          "max_ratio_FTR43_in_global_by_1t_False": 0.024276996550809234,
          "mean_FTR9_in_global_by_15d_False": 0.02317148668966127,
          "max_ratio_FTR32_in_global_by_1t_False": 0.019368532767312284,
          "mean_FTR29_in_global_by_1d_True": 0.02666489785088883,
          "range_FTR33_in_global_by_30d_True": 0.02693022021756434,
          "raw_FTR33_SUM_s_zhang": 0.02029716105067657,
          "new_FTR36_CONVERT_NUM_NO_ZERO_s_zhang": 0.024586539311930663,
          "rolling_sumratio2max_FTR41_45d": 0.02945078270098169,
          "max_ratio_FTR47_in_global_by_1t_False": 0.026266914300875563,
          "rolling_sum2max_FTR33_7d": 0.02958344388431945,
          "std_FTR48_in_global_by_15d_False": 0.02237551958963474,
          "lda_sum_B_vector_by_1d_5_1_tfidf": 0.021358450517378617
        }
      },
      {
        "best_iteration": 1810,
        "score_offline": 0.942957,
        "feature_importance_dict": {
          "len_std_count_by_non_zero_group_3d": 0.019113872754288802,
          "lda_mean_vector_by_1d_False_5_1": 0.023503984870998244,
          "len_std_count_by_non_zero_group_1d": 0.019620424152370662,
          "range_FTR9_in_global_by_1d_False": 0.030528164257733352,
          "mean_FTR48_in_global_by_1t_False": 0.021410239092259895,
          "rolling_sum2max_FTR33_45d": 0.022254491422396327,
          "lda_sum_vector_by_1d_False_5_0": 0.019586654059165202,
          "mean_FTR34_in_global_by_1t_False": 0.035391057679319195,
          "rolling_sumratio2max_FTR43_15d": 0.029751452114007836,
          "year_count_max_s_zhang": 0.01948534377954883,
          "lda_sum_B_vector_by_1d_5_3_tfidf": 0.017459138187221397,
          "range_FTR36_in_global_by_30d_False": 0.02370660543023099,
          "nunique_ratio2mean_ftr51_by_400d": 0.01617587464541402,
          "max_ratio_FTR42_in_global_by_1t_False": 0.024584627853572877,
          "lda_std_vector_by_1d_False_5_4": 0.01830339051735783,
          "std_FTR35_in_global_by_15d_False": 0.02600297176820208,
          "lda_sum_B_vector_by_1d_5_2_tfidf": 0.020667297041739835,
          "lda_sum_B_vector_by_1d_5_0_tfidf": 0.01607456436579765,
          "sum_std_count_by_non_zero_group_3d": 0.023639065243820073,
          "lda_sum_B_vector_by_1d_5_4_tfidf": 0.020802377414561663,
          "raw_FTR30_MAX_s_zhang": 0.01948534377954883,
          "mean_FTR33_in_global_by_7d_False": 0.023976766175874645,
          "D7_hua_FTR34_SUM_MAX_s_zhang": 0.024550857760367417,
          "ftr51_FTR51_B_CONVERT_NUM_UNIQUE_s_zhang": 0.019113872754288802,
          "raw_FTR42_SUM_s_zhang": 0.01951911387275429,
          "non_zero_count_FTR33_in_global_by_1d_True": 0.02809671754694043,
          "D7_hua_FTR0_SUM_MAX_s_zhang": 0.02208564095636904,
          "raw_FTR41_SUM_s_zhang": 0.020093205457247063,
          "max_ratio_FTR43_in_global_by_3d_False": 0.02590166148858571,
          "rolling_sum2max_FTR30_30d": 0.02451708766716196,
          "std_FTR30_in_global_by_7d_True": 0.02168039983790355,
          "raw_FTR9_MAX_s_zhang": 0.015399162501688504,
          "max_ratio_FTR43_in_global_by_1t_False": 0.021883020397136296,
          "mean_FTR9_in_global_by_15d_False": 0.023605295150614616,
          "max_ratio_FTR32_in_global_by_1t_False": 0.022929893286505472,
          "mean_FTR29_in_global_by_1d_True": 0.02441577738754559,
          "range_FTR33_in_global_by_30d_True": 0.026273132513845738,
          "raw_FTR33_SUM_s_zhang": 0.021815480210725383,
          "new_FTR36_CONVERT_NUM_NO_ZERO_s_zhang": 0.022355801702012696,
          "rolling_sumratio2max_FTR41_45d": 0.03272322031608807,
          "max_ratio_FTR47_in_global_by_1t_False": 0.022018100769958124,
          "rolling_sum2max_FTR33_7d": 0.028772119411049575,
          "std_FTR48_in_global_by_15d_False": 0.016885046602728625,
          "lda_sum_B_vector_by_1d_5_1_tfidf": 0.023841685803052817
        }
      },
      {
        "best_iteration": 1815,
        "score_offline": 0.947774,
        "feature_importance_dict": {
          "len_std_count_by_non_zero_group_3d": 0.021091180360109863,
          "lda_mean_vector_by_1d_False_5_1": 0.020955545759723304,
          "len_std_count_by_non_zero_group_1d": 0.018819300803635006,
          "range_FTR9_in_global_by_1d_False": 0.03028042453629921,
          "mean_FTR48_in_global_by_1t_False": 0.02041300735817707,
          "rolling_sum2max_FTR33_45d": 0.02244752636397545,
          "lda_sum_vector_by_1d_False_5_0": 0.01953138245566444,
          "mean_FTR34_in_global_by_1t_False": 0.03204367434132447,
          "rolling_sumratio2max_FTR43_15d": 0.027093011427215083,
          "year_count_max_s_zhang": 0.020107829507307315,
          "lda_sum_B_vector_by_1d_5_3_tfidf": 0.021667627411752738,
          "range_FTR36_in_global_by_30d_False": 0.02332915126648808,
          "nunique_ratio2mean_ftr51_by_400d": 0.02044691600827371,
          "max_ratio_FTR42_in_global_by_1t_False": 0.028652809331660506,
          "lda_std_vector_by_1d_False_5_4": 0.01837848835237869,
          "std_FTR35_in_global_by_15d_False": 0.023023973415618324,
          "lda_sum_B_vector_by_1d_5_2_tfidf": 0.01929402190498796,
          "lda_sum_B_vector_by_1d_5_0_tfidf": 0.018107219151605576,
          "sum_std_count_by_non_zero_group_3d": 0.026821742226441965,
          "lda_sum_B_vector_by_1d_5_4_tfidf": 0.025058492421416702,
          "raw_FTR30_MAX_s_zhang": 0.021837170662235936,