{
  "result": {
    "best_iteration": [
      125,
      127,
      156,
      188,
      183
    ],
    "score_offline": [
      0.944559,
      0.932423,
      0.946907,
      0.95053,
      0.931985
    ],
    "score_mean_offline": 0.9412808,
    "score_std_offline": 0.007652724231278708,
    "fold_results": [
      {
        "best_iteration": 125,
        "score_offline": 0.944559,
        "feature_importance_dict": {
          "nunique_ratio2mean_ftr51_by_400d": 0.021988089784699953,
          "mean_FTR33_in_global_by_7d_False": 0.027943197434722858,
          "mean_FTR9_in_global_by_15d_False": 0.031149793861658268,
          "lda_mean_vector_by_7d_False_5_0": 0.014200641319285386,
          "max_ratio_FTR47_in_global_by_1t_False": 0.024278515803939534,
          "sum2max_ftr51_by_400d": 0.023820430600091615,
          "lda_mean_vector_by_7d_False_5_3": 0.016491067338524967,
          "rolling_sumratio2max_FTR41_45d": 0.028401282638570773,
          "std_FTR35_in_global_by_15d_False": 0.02656894182317911,
          "sum_FTR42_in_global_by_1t_False": 0.030233623453962438,
          "len_std_count_by_non_zero_group_1d": 0.02015574896930829,
          "max_ratio_FTR42_in_global_by_1t_False": 0.020613834173156206,
          "std_FTR48_in_global_by_15d_False": 0.029317453046266605,
          "rolling_sumratio2max_FTR43_15d": 0.03527256069628951,
          "lda_sum_vector_by_1d_False_5_3": 0.0233623453962437,
          "sum_FTR33_in_global_by_1t_False": 0.01694915254237288,
          "rolling_sum2max_FTR30_30d": 0.02885936784241869,
          "lda_sum_vector_by_1d_False_5_0": 0.016491067338524967,
          "sum2mean_ftr51_by_400d": 0.013742556115437472,
          "non_zero_count_FTR38_in_global_by_1d_True": 0.02153000458085204,
          "non_zero_count_FTR33_in_global_by_1d_True": 0.038021071919377,
          "max_ratio_FTR43_in_global_by_1t_False": 0.026110856619331196,
          "nunique_ratio2max_ftr51_by_400d": 0.010994044892349977,
          "range_FTR9_in_global_by_1d_False": 0.03847915712322492,
          "len_std_count_by_non_zero_group_3d": 0.024736601007787448,
          "sum_FTR41_in_global_by_1t_False": 0.030233623453962438,
          "mean_FTR34_in_global_by_1t_False": 0.04122766834631241,
          "lda_mean_vector_by_1d_False_5_1": 0.017865322950068714,
          "max_ratio_FTR43_in_global_by_3d_False": 0.023820430600091615,
          "max_ratio_FTR32_in_global_by_1t_False": 0.022904260192395786,
          "mean_FTR48_in_global_by_1t_False": 0.02565277141548328,
          "rolling_sum2max_FTR33_45d": 0.01923957856161246,
          "lda_std_vector_by_1d_False_5_4": 0.021988089784699953,
          "range_FTR36_in_global_by_30d_False": 0.028401282638570773,
          "range_FTR33_in_global_by_30d_True": 0.03298213467704993,
          "rolling_sum2max_FTR33_7d": 0.03252404947320202,
          "std_FTR30_in_global_by_7d_True": 0.02565277141548328,
          "nunique2max_ftr51_by_400d": 0.013742556115437472,
          "sum_std_count_by_non_zero_group_3d": 0.02885936784241869,
          "mean_FTR29_in_global_by_1d_True": 0.025194686211635363
        }
      },
      {
        "best_iteration": 127,
        "score_offline": 0.932423,
        "feature_importance_dict": {
          "nunique_ratio2mean_ftr51_by_400d": 0.01956425077812361,
          "mean_FTR33_in_global_by_7d_False": 0.026678523788350377,
          "mean_FTR9_in_global_by_15d_False": 0.02401067140951534,
          "lda_mean_vector_by_7d_False_5_0": 0.013783903957314362,
          "max_ratio_FTR47_in_global_by_1t_False": 0.02401067140951534,
          "sum2max_ftr51_by_400d": 0.028012449977767896,
          "lda_mean_vector_by_7d_False_5_3": 0.016896398399288574,
          "rolling_sumratio2max_FTR41_45d": 0.030680302356602934,
          "std_FTR35_in_global_by_15d_False": 0.02712316585148955,
          "sum_FTR42_in_global_by_1t_False": 0.023121387283236993,
          "len_std_count_by_non_zero_group_1d": 0.020898176967541128,
          "max_ratio_FTR42_in_global_by_1t_False": 0.027567807914628723,
          "std_FTR48_in_global_by_15d_False": 0.0213428190306803,
          "rolling_sumratio2max_FTR43_15d": 0.0329035126722988,
          "lda_sum_vector_by_1d_False_5_3": 0.01956425077812361,
          "sum_FTR33_in_global_by_1t_False": 0.022232103156958647,
          "rolling_sum2max_FTR30_30d": 0.026233881725211204,
          "lda_sum_vector_by_1d_False_5_0": 0.01823032458870609,
          "sum2mean_ftr51_by_400d": 0.017341040462427744,
          "non_zero_count_FTR38_in_global_by_1d_True": 0.024899955535793685,
          "non_zero_count_FTR33_in_global_by_1d_True": 0.0329035126722988,
          "max_ratio_FTR43_in_global_by_1t_False": 0.026233881725211204,
          "nunique_ratio2max_ftr51_by_400d": 0.01200533570475767,
          "range_FTR9_in_global_by_1d_False": 0.035126722987994664,
          "len_std_count_by_non_zero_group_3d": 0.016896398399288574,
          "sum_FTR41_in_global_by_1t_False": 0.028012449977767896,
          "mean_FTR34_in_global_by_1t_False": 0.04535349044019564,
          "lda_mean_vector_by_1d_False_5_1": 0.01823032458870609,
          "max_ratio_FTR43_in_global_by_3d_False": 0.03023566029346376,
          "max_ratio_FTR32_in_global_by_1t_False": 0.028012449977767896,
          "mean_FTR48_in_global_by_1t_False": 0.026233881725211204,
          "rolling_sum2max_FTR33_45d": 0.023566029346376166,
          "lda_std_vector_by_1d_False_5_4": 0.021787461093819474,
          "range_FTR36_in_global_by_30d_False": 0.03334815473543797,
          "range_FTR33_in_global_by_30d_True": 0.03201422854602046,
          "rolling_sum2max_FTR33_7d": 0.029346376167185415,
          "std_FTR30_in_global_by_7d_True": 0.024899955535793685,
          "nunique2max_ftr51_by_400d": 0.014673188083592708,
          "sum_std_count_by_non_zero_group_3d": 0.030680302356602934,
          "mean_FTR29_in_global_by_1d_True": 0.025344597598932858
        }
      },
      {
        "best_iteration": 156,
        "score_offline": 0.946907,
        "feature_importance_dict": {
          "nunique_ratio2mean_ftr51_by_400d": 0.022143139580862,
          "mean_FTR33_in_global_by_7d_False": 0.022933965994464216,
          "mean_FTR9_in_global_by_15d_False": 0.02609727164887307,
          "lda_mean_vector_by_7d_False_5_0": 0.014234875444839857,
          "max_ratio_FTR47_in_global_by_1t_False": 0.03242388295769079,
          "sum2max_ftr51_by_400d": 0.022538552787663108,
          "lda_mean_vector_by_7d_False_5_3": 0.01937524713325425,
          "rolling_sumratio2max_FTR41_45d": 0.02491103202846975,
          "std_FTR35_in_global_by_15d_False": 0.02649268485567418,
          "sum_FTR42_in_global_by_1t_False": 0.02332937920126532,
          "len_std_count_by_non_zero_group_1d": 0.02649268485567418,
          "max_ratio_FTR42_in_global_by_1t_False": 0.02609727164887307,
          "std_FTR48_in_global_by_15d_False": 0.020166073546856466,
          "rolling_sumratio2max_FTR43_15d": 0.03202846975088968,
          "lda_sum_vector_by_1d_False_5_3": 0.01818900751285093,
          "sum_FTR33_in_global_by_1t_False": 0.022143139580862,
          "rolling_sum2max_FTR30_30d": 0.01818900751285093,
          "lda_sum_vector_by_1d_False_5_0": 0.0276789244760775,
          "sum2mean_ftr51_by_400d": 0.0166073546856465,
          "non_zero_count_FTR38_in_global_by_1d_True": 0.021747726374060895,
          "non_zero_count_FTR33_in_global_by_1d_True": 0.02807433768287861,
          "max_ratio_FTR43_in_global_by_1t_False": 0.025701858442071967,
          "nunique_ratio2max_ftr51_by_400d": 0.01265322261763543,
          "range_FTR9_in_global_by_1d_False": 0.04191379992091736,
          "len_std_count_by_non_zero_group_3d": 0.026888098062475288,
          "sum_FTR41_in_global_by_1t_False": 0.03242388295769079,
          "mean_FTR34_in_global_by_1t_False": 0.04151838671411625,
          "lda_mean_vector_by_1d_False_5_1": 0.014234875444839857,
          "max_ratio_FTR43_in_global_by_3d_False": 0.024515618821668642,