{
  "result": {
    "best_iteration": [
      2221,
      1715,
      2222,
      1920,
      1798
    ],
    "score_offline": [
      0.943667,
      0.93851,
      0.948292,
      0.951511,
      0.933142
    ],
    "score_mean_offline": 0.9430244,
    "score_std_offline": 0.006606429613641548,
    "fold_results": [
      {
        "best_iteration": 2221,
        "score_offline": 0.943667,
        "feature_importance_dict": {
          "count_max_ftr51_in_month10": 0.03141408929492822,
          "count_max_ftr51_in_month11": 0.03472243299845206,
          "count_max_ftr51_in_month4": 0.03171760706589371,
          "count_max_ftr51_in_month9": 0.030260721765259357,
          "lda_mean_vector_by_1d_False_5_1": 0.018818101799860383,
          "lda_std_vector_by_1d_False_5_4": 0.02470634655659089,
          "lda_sum_vector_by_1d_False_5_0": 0.02376544146659787,
          "len_std_count_by_non_zero_group_1d": 0.02255137038273591,
          "len_std_count_by_non_zero_group_3d": 0.022338907943060066,
          "max_ratio_FTR32_in_global_by_1t_False": 0.023310164810149633,
          "max_ratio_FTR42_in_global_by_1t_False": 0.026861322730445867,
          "max_ratio_FTR43_in_global_by_1t_False": 0.026557804959480378,
          "max_ratio_FTR43_in_global_by_3d_False": 0.02133729929887395,
          "max_ratio_FTR47_in_global_by_1t_False": 0.029441223783652534,
          "mean_FTR29_in_global_by_1d_True": 0.02488845721917018,
          "mean_FTR33_in_global_by_7d_False": 0.022642425714025555,
          "mean_FTR34_in_global_by_1t_False": 0.037271982274562174,
          "mean_FTR48_in_global_by_1t_False": 0.030958812638479983,
          "mean_FTR9_in_global_by_15d_False": 0.023036998816280692,
          "non_zero_count_FTR33_in_global_by_1d_True": 0.02837891158527332,
          "non_zero_count_FTR38_in_global_by_1d_True": 0.02133729929887395,
          "nunique_ratio2mean_ftr51_by_400d": 0.02431177345433575,
          "range_FTR33_in_global_by_30d_True": 0.028803836464625004,
          "range_FTR36_in_global_by_30d_False": 0.02346192369563238,
          "range_FTR9_in_global_by_1d_False": 0.03979117977357574,
          "rolling_sum2max_FTR30_30d": 0.029410872006555983,
          "rolling_sum2max_FTR33_45d": 0.020760615534039517,
          "rolling_sum2max_FTR33_7d": 0.03281027104136947,
          "rolling_sumratio2max_FTR41_45d": 0.03013931465687316,
          "rolling_sumratio2max_FTR43_15d": 0.02680061917625277,
          "std_FTR30_in_global_by_7d_True": 0.025191974990135674,
          "std_FTR35_in_global_by_15d_False": 0.024281421677239203,
          "std_FTR48_in_global_by_15d_False": 0.023158405924666888,
          "sum2mean_ftr51_by_400d": 0.022794184599508303,
          "sum_FTR33_in_global_by_1t_False": 0.01708805050535709,
          "sum_FTR41_in_global_by_1t_False": 0.02765046893495614,
          "sum_FTR42_in_global_by_1t_False": 0.022733481045315203,
          "sum_std_count_by_non_zero_group_3d": 0.024493884116915044
        }
      },
      {
        "best_iteration": 1715,
        "score_offline": 0.93851,
        "feature_importance_dict": {
          "count_max_ftr51_in_month10": 0.02762063227953411,
          "count_max_ftr51_in_month11": 0.033795525975226476,
          "count_max_ftr51_in_month4": 0.028618968386023295,
          "count_max_ftr51_in_month9": 0.0345350342022555,
          "lda_mean_vector_by_1d_False_5_1": 0.02536513218709558,
          "lda_std_vector_by_1d_False_5_4": 0.023553337030874467,
          "lda_sum_vector_by_1d_False_5_0": 0.023775189498983176,
          "len_std_count_by_non_zero_group_1d": 0.01985579589572934,
          "len_std_count_by_non_zero_group_3d": 0.019153263080051764,
          "max_ratio_FTR32_in_global_by_1t_False": 0.022591976335736737,
          "max_ratio_FTR42_in_global_by_1t_False": 0.026437419116287667,
          "max_ratio_FTR43_in_global_by_1t_False": 0.028914771676834906,
          "max_ratio_FTR43_in_global_by_3d_False": 0.028545017563320393,
          "max_ratio_FTR47_in_global_by_1t_False": 0.024366796080606396,
          "mean_FTR29_in_global_by_1d_True": 0.02388611573303753,
          "mean_FTR33_in_global_by_7d_False": 0.021371787761138843,
          "mean_FTR34_in_global_by_1t_False": 0.041486411536328344,
          "mean_FTR48_in_global_by_1t_False": 0.024847476428175263,
          "mean_FTR9_in_global_by_15d_False": 0.02743575522277685,
          "non_zero_count_FTR33_in_global_by_1d_True": 0.030763542244407468,
          "non_zero_count_FTR38_in_global_by_1d_True": 0.021371787761138843,
          "nunique_ratio2mean_ftr51_by_400d": 0.022961730449251247,
          "range_FTR33_in_global_by_30d_True": 0.02762063227953411,
          "range_FTR36_in_global_by_30d_False": 0.02388611573303753,
          "range_FTR9_in_global_by_1d_False": 0.03468293584766131,
          "rolling_sum2max_FTR30_30d": 0.023627287853577372,
          "rolling_sum2max_FTR33_45d": 0.022333148456276576,
          "rolling_sum2max_FTR33_7d": 0.030024034017378444,
          "rolling_sumratio2max_FTR41_45d": 0.03420225550009244,
          "rolling_sumratio2max_FTR43_15d": 0.030874468478461824,
          "std_FTR30_in_global_by_7d_True": 0.025513033832501388,
          "std_FTR35_in_global_by_15d_False": 0.02850804215196894,
          "std_FTR48_in_global_by_15d_False": 0.018783508966537254,
          "sum2mean_ftr51_by_400d": 0.0273987798114254,
          "sum_FTR33_in_global_by_1t_False": 0.022850804215196894,
          "sum_FTR41_in_global_by_1t_False": 0.02107598447032723,
          "sum_FTR42_in_global_by_1t_False": 0.01963394342762063,
          "sum_std_count_by_non_zero_group_3d": 0.027731558513588463
        }
      },
      {
        "best_iteration": 2222,
        "score_offline": 0.948292,
        "feature_importance_dict": {
          "count_max_ftr51_in_month10": 0.03023929279073312,
          "count_max_ftr51_in_month11": 0.03401920438957476,
          "count_max_ftr51_in_month4": 0.032312147538484985,
          "count_max_ftr51_in_month9": 0.03328760859625057,
          "lda_mean_vector_by_1d_False_5_1": 0.020423715896966926,
          "lda_std_vector_by_1d_False_5_4": 0.025697302240512115,
          "lda_sum_vector_by_1d_False_5_0": 0.02100289590001524,
          "len_std_count_by_non_zero_group_1d": 0.02167352537722908,
          "len_std_count_by_non_zero_group_3d": 0.022588020118884316,
          "max_ratio_FTR32_in_global_by_1t_False": 0.031214753848498703,
          "max_ratio_FTR42_in_global_by_1t_False": 0.02996494436823655,
          "max_ratio_FTR43_in_global_by_1t_False": 0.030483158055174518,
          "max_ratio_FTR43_in_global_by_3d_False": 0.023167200121932633,
          "max_ratio_FTR47_in_global_by_1t_False": 0.03173296753543667,
          "mean_FTR29_in_global_by_1d_True": 0.025941167504953514,
          "mean_FTR33_in_global_by_7d_False": 0.020149367474470357,
          "mean_FTR34_in_global_by_1t_False": 0.03252552964487121,
          "mean_FTR48_in_global_by_1t_False": 0.02167352537722908,
          "mean_FTR9_in_global_by_15d_False": 0.02173449169333943,
          "non_zero_count_FTR33_in_global_by_1d_True": 0.02895900015241579,
          "non_zero_count_FTR38_in_global_by_1d_True": 0.019082456942539246,
          "nunique_ratio2mean_ftr51_by_400d": 0.029385764365188232,
          "range_FTR33_in_global_by_30d_True": 0.02917238225880201,
          "range_FTR36_in_global_by_30d_False": 0.023898795915256822,
          "range_FTR9_in_global_by_1d_False": 0.03914037494284408,
          "rolling_sum2max_FTR30_30d": 0.022984301173601587,
          "rolling_sum2max_FTR33_45d": 0.02307575064776711,
          "rolling_sum2max_FTR33_7d": 0.031885383325712544,
          "rolling_sumratio2max_FTR41_45d": 0.029263831732967534,
          "rolling_sumratio2max_FTR43_15d": 0.028776101204084744,
          "std_FTR30_in_global_by_7d_True": 0.023380582228318854,
          "std_FTR35_in_global_by_15d_False": 0.026520347508001828,