{
  "result": {
    "best_iteration": [
      3242,
      1646,
      2411,
      2914,
      3536
    ],
    "score_offline": [
      0.943197,
      0.93577,
      0.940425,
      0.950062,
      0.927043
    ],
    "score_mean_offline": 0.9392994,
    "score_std_offline": 0.007680726856229168,
    "fold_results": [
      {
        "best_iteration": 3242,
        "score_offline": 0.943197,
        "feature_importance_dict": {
          "lda_sum_vector_by_1d_False_20_19": 0.04098803390393884,
          "range_FTR33_in_global_by_30d_True": 0.04059331892969919,
          "lda_max_vector_by_1d_False_20_18": 0.03720707994016952,
          "mean_FTR34_in_global_by_1t_False": 0.04859149077613428,
          "non_zero_count_FTR33_in_global_by_1d_True": 0.046389396709323585,
          "lda_sum_vector_by_1d_False_20_3": 0.06170018281535649,
          "rolling_sumratio2max_FTR41_45d": 0.0443119494764833,
          "max_ratio_FTR47_in_global_by_1t_False": 0.039575369785607446,
          "sum_FTR41_in_global_by_1t_False": 0.04913162705667276,
          "max_ratio_FTR43_in_global_by_3d_False": 0.03394548778461027,
          "max_ratio_FTR32_in_global_by_1t_False": 0.03830812697357487,
          "rolling_sumratio2max_FTR43_15d": 0.04258766827322586,
          "rolling_sum2max_FTR30_30d": 0.05044041881336214,
          "std_FTR35_in_global_by_15d_False": 0.040655642346684395,
          "mean_FTR48_in_global_by_1t_False": 0.04462356656140934,
          "max_ratio_FTR42_in_global_by_1t_False": 0.0428785108858235,
          "range_FTR36_in_global_by_30d_False": 0.04005318264916071,
          "max_ratio_FTR43_in_global_by_1t_False": 0.04314857902609274,
          "rolling_sum2max_FTR33_7d": 0.047843609772311786,
          "mean_FTR9_in_global_by_15d_False": 0.038100382250290846,
          "range_FTR9_in_global_by_1d_False": 0.053348844939338544,
          "mean_FTR29_in_global_by_1d_True": 0.033031411002160546,
          "sum_std_count_by_non_zero_group_3d": 0.042546119328569054
        }
      },
      {
        "best_iteration": 1646,
        "score_offline": 0.93577,
        "feature_importance_dict": {
          "lda_sum_vector_by_1d_False_20_19": 0.04066937795853057,
          "range_FTR33_in_global_by_30d_True": 0.04340289352623508,
          "lda_max_vector_by_1d_False_20_18": 0.036635775718381225,
          "mean_FTR34_in_global_by_1t_False": 0.046069737982532166,
          "non_zero_count_FTR33_in_global_by_1d_True": 0.04780318687912528,
          "lda_sum_vector_by_1d_False_20_3": 0.0692046136409094,
          "rolling_sumratio2max_FTR41_45d": 0.046069737982532166,
          "max_ratio_FTR47_in_global_by_1t_False": 0.03850256683778919,
          "sum_FTR41_in_global_by_1t_False": 0.04706980465364358,
          "max_ratio_FTR43_in_global_by_3d_False": 0.04140276018401227,
          "max_ratio_FTR32_in_global_by_1t_False": 0.040002666844456296,
          "rolling_sumratio2max_FTR43_15d": 0.04273618241216081,
          "rolling_sum2max_FTR30_30d": 0.04133608907260484,
          "std_FTR35_in_global_by_15d_False": 0.04193612907527169,
          "mean_FTR48_in_global_by_1t_False": 0.03766917794519635,
          "max_ratio_FTR42_in_global_by_1t_False": 0.03740249349956664,
          "range_FTR36_in_global_by_30d_False": 0.04076938462564171,
          "max_ratio_FTR43_in_global_by_1t_False": 0.042502833522234815,
          "rolling_sum2max_FTR33_7d": 0.04643642909527302,
          "mean_FTR9_in_global_by_15d_False": 0.04556970464697647,
          "range_FTR9_in_global_by_1d_False": 0.046469764650976735,
          "mean_FTR29_in_global_by_1d_True": 0.03516901126741783,
          "sum_std_count_by_non_zero_group_3d": 0.0451696779785319
        }
      },
      {
        "best_iteration": 2411,
        "score_offline": 0.940425,
        "feature_importance_dict": {
          "lda_sum_vector_by_1d_False_20_19": 0.0453791100508246,
          "range_FTR33_in_global_by_30d_True": 0.042941603568094594,
          "lda_max_vector_by_1d_False_20_18": 0.03713307748158905,
          "mean_FTR34_in_global_by_1t_False": 0.042552639767658954,
          "non_zero_count_FTR33_in_global_by_1d_True": 0.04716834353282855,
          "lda_sum_vector_by_1d_False_20_3": 0.059252152266362414,
          "rolling_sumratio2max_FTR41_45d": 0.04268229436780417,
          "max_ratio_FTR47_in_global_by_1t_False": 0.044419666009750024,
          "sum_FTR41_in_global_by_1t_False": 0.051083912457213984,
          "max_ratio_FTR43_in_global_by_3d_False": 0.03230992635618712,
          "max_ratio_FTR32_in_global_by_1t_False": 0.041956228606990977,
          "rolling_sumratio2max_FTR43_15d": 0.04169691940670055,
          "rolling_sum2max_FTR30_30d": 0.03982989316460948,
          "std_FTR35_in_global_by_15d_False": 0.04366766932890779,
          "mean_FTR48_in_global_by_1t_False": 0.038922310963592985,
          "max_ratio_FTR42_in_global_by_1t_False": 0.04270822528783321,
          "range_FTR36_in_global_by_30d_False": 0.04190436676693289,
          "max_ratio_FTR43_in_global_by_1t_False": 0.04462711336998237,
          "rolling_sum2max_FTR33_7d": 0.04823151125401929,
          "mean_FTR9_in_global_by_15d_False": 0.037729488642257024,
          "range_FTR9_in_global_by_1d_False": 0.05129135981744632,
          "mean_FTR29_in_global_by_1d_True": 0.037392386681879476,
          "sum_std_count_by_non_zero_group_3d": 0.04511980085053418
        }
      },
      {
        "best_iteration": 2914,
        "score_offline": 0.950062,
        "feature_importance_dict": {
          "lda_sum_vector_by_1d_False_20_19": 0.04020123277737491,
          "range_FTR33_in_global_by_30d_True": 0.03775380710659899,
          "lda_max_vector_by_1d_False_20_18": 0.0399746192893401,
          "mean_FTR34_in_global_by_1t_False": 0.04738488034807832,
          "non_zero_count_FTR33_in_global_by_1d_True": 0.04602519941986947,
          "lda_sum_vector_by_1d_False_20_3": 0.060052574329224076,
          "rolling_sumratio2max_FTR41_45d": 0.045526649746192895,
          "max_ratio_FTR47_in_global_by_1t_False": 0.04518672951414068,
          "sum_FTR41_in_global_by_1t_False": 0.04765681653372009,
          "max_ratio_FTR43_in_global_by_3d_False": 0.03988397389412618,
          "max_ratio_FTR32_in_global_by_1t_False": 0.03897751994198695,
          "rolling_sumratio2max_FTR43_15d": 0.04341914430746918,
          "rolling_sum2max_FTR30_30d": 0.049129804205946336,
          "std_FTR35_in_global_by_15d_False": 0.043033901377810005,
          "mean_FTR48_in_global_by_1t_False": 0.03580493110949964,
          "max_ratio_FTR42_in_global_by_1t_False": 0.03856961566352429,
          "range_FTR36_in_global_by_30d_False": 0.04128897751994199,
          "max_ratio_FTR43_in_global_by_1t_False": 0.045005438723712834,
          "rolling_sum2max_FTR33_7d": 0.045911892675852065,
          "mean_FTR9_in_global_by_15d_False": 0.04094905728788978,
          "range_FTR9_in_global_by_1d_False": 0.05101069615663524,
          "mean_FTR29_in_global_by_1d_True": 0.03362944162436548,
          "sum_std_count_by_non_zero_group_3d": 0.04362309644670051
        }
      },
      {
        "best_iteration": 3536,
        "score_offline": 0.927043,
        "feature_importance_dict": {
          "lda_sum_vector_by_1d_False_20_19": 0.043228001944579486,
          "range_FTR33_in_global_by_30d_True": 0.040350024307243555,
          "lda_max_vector_by_1d_False_20_18": 0.038949927078269324,
          "mean_FTR34_in_global_by_1t_False": 0.04941176470588235,
          "non_zero_count_FTR33_in_global_by_1d_True": 0.045425376762275156,
          "lda_sum_vector_by_1d_False_20_3": 0.061390374331550805,
          "rolling_sumratio2max_FTR41_45d": 0.04439474963539135,
          "max_ratio_FTR47_in_global_by_1t_False": 0.04328633932912008,
          "sum_FTR41_in_global_by_1t_False": 0.047642197374817695,
          "max_ratio_FTR43_in_global_by_3d_False": 0.03630529897909577,
          "max_ratio_FTR32_in_global_by_1t_False": 0.045717063684978125,