{
  "result": {
    "best_iteration": [
      3010,
      3834,
      3173,
      2110,
      2722
    ],
    "score_offline": [
      0.944025,
      0.9352,
      0.945825,
      0.949544,
      0.929694
    ],
    "score_mean_offline": 0.9408576,
    "score_std_offline": 0.007304730428975465,
    "fold_results": [
      {
        "best_iteration": 3010,
        "score_offline": 0.944025,
        "feature_importance_dict": {
          "non_zero_count_FTR33_in_global_by_1d_True": 0.031197283382626794,
          "mean_FTR9_in_global_by_15d_False": 0.025873589659327418,
          "len_std_count_by_non_zero_group_1d": 0.022521634352064848,
          "rolling_sumratio2max_FTR41_45d": 0.033497644868003065,
          "range_FTR36_in_global_by_30d_False": 0.03003614853762734,
          "lda_std_vector_by_30d_False_20_18": 0.029181728557344726,
          "mean_FTR33_in_global_by_7d_False": 0.027363347573666336,
          "lda_mean_vector_by_30d_False_20_14": 0.03181071311206047,
          "max_ratio_FTR43_in_global_by_3d_False": 0.024843904042063752,
          "len_std_count_by_non_zero_group_3d": 0.02390185124329061,
          "mean_FTR29_in_global_by_1d_True": 0.028787380874137364,
          "rolling_sumratio2max_FTR43_15d": 0.03544747507941724,
          "range_FTR9_in_global_by_1d_False": 0.038624164749698764,
          "rolling_sum2max_FTR33_7d": 0.03722203965385037,
          "rolling_sum2max_FTR33_45d": 0.023573228173951143,
          "lda_std_vector_by_30d_False_20_9": 0.032380326432248877,
          "lda_mean_vector_by_30d_False_20_13": 0.02913791214809946,
          "max_ratio_FTR42_in_global_by_1t_False": 0.029203636761967355,
          "std_FTR48_in_global_by_15d_False": 0.025150618906780588,
          "sum_FTR42_in_global_by_1t_False": 0.024164749698762186,
          "mean_FTR48_in_global_by_1t_False": 0.031000109541023113,
          "mean_FTR34_in_global_by_1t_False": 0.036893416584510896,
          "sum_std_count_by_non_zero_group_3d": 0.025588782999233214,
          "max_ratio_FTR43_in_global_by_1t_False": 0.03071530288092891,
          "max_ratio_FTR47_in_global_by_1t_False": 0.03270894950158835,
          "rolling_sum2max_FTR30_30d": 0.032314601818380986,
          "std_FTR30_in_global_by_7d_True": 0.02852448241866579,
          "lda_sum_vector_by_1d_False_5_0": 0.033651002300361485,
          "range_FTR33_in_global_by_30d_True": 0.028173951144703693,
          "sum_FTR41_in_global_by_1t_False": 0.030496220834702596,
          "lda_mean_vector_by_30d_False_20_18": 0.02981706649140103,
          "max_ratio_FTR32_in_global_by_1t_False": 0.02703472450432687,
          "sum_FTR33_in_global_by_1t_False": 0.02140431591631066,
          "std_FTR35_in_global_by_15d_False": 0.0277576952568737
        }
      },
      {
        "best_iteration": 3834,
        "score_offline": 0.9352,
        "feature_importance_dict": {
          "non_zero_count_FTR33_in_global_by_1d_True": 0.02948500487206323,
          "mean_FTR9_in_global_by_15d_False": 0.030188747338409903,
          "len_std_count_by_non_zero_group_1d": 0.02271825038796059,
          "rolling_sumratio2max_FTR41_45d": 0.03453751488685986,
          "range_FTR36_in_global_by_30d_False": 0.028636904976722364,
          "lda_std_vector_by_30d_False_20_18": 0.036053267891298854,
          "mean_FTR33_in_global_by_7d_False": 0.026994839221913456,
          "lda_mean_vector_by_30d_False_20_14": 0.03229997473744992,
          "max_ratio_FTR43_in_global_by_3d_False": 0.029900032480421522,
          "len_std_count_by_non_zero_group_3d": 0.022411490851347936,
          "mean_FTR29_in_global_by_1d_True": 0.030008300552167164,
          "rolling_sumratio2max_FTR43_15d": 0.032696957667183946,
          "range_FTR9_in_global_by_1d_False": 0.033689414991519,
          "rolling_sum2max_FTR33_7d": 0.03280522573892959,
          "rolling_sum2max_FTR33_45d": 0.024847522465624886,
          "lda_std_vector_by_30d_False_20_9": 0.034501425529611315,
          "lda_mean_vector_by_30d_False_20_13": 0.029069977263704933,
          "max_ratio_FTR42_in_global_by_1t_False": 0.02833014544010971,
          "std_FTR48_in_global_by_15d_False": 0.023295680103937347,
          "sum_FTR42_in_global_by_1t_False": 0.02125663141939442,
          "mean_FTR48_in_global_by_1t_False": 0.030459417517774007,
          "mean_FTR34_in_global_by_1t_False": 0.040492258832870186,
          "sum_std_count_by_non_zero_group_3d": 0.02529863943123173,
          "max_ratio_FTR43_in_global_by_1t_False": 0.02944891551481468,
          "max_ratio_FTR47_in_global_by_1t_False": 0.031307517413114876,
          "rolling_sum2max_FTR30_30d": 0.02793316251037569,
          "std_FTR30_in_global_by_7d_True": 0.030910534483380853,
          "lda_sum_vector_by_1d_False_5_0": 0.0312894727344906,
          "range_FTR33_in_global_by_30d_True": 0.029340647443069037,
          "sum_FTR41_in_global_by_1t_False": 0.022844563138330505,
          "lda_mean_vector_by_30d_False_20_18": 0.03100075787650222,
          "max_ratio_FTR32_in_global_by_1t_False": 0.029773719730051607,
          "sum_FTR33_in_global_by_1t_False": 0.024432494857266594,
          "std_FTR35_in_global_by_15d_False": 0.03174058970009744
        }
      },
      {
        "best_iteration": 3173,
        "score_offline": 0.945825,
        "feature_importance_dict": {
          "non_zero_count_FTR33_in_global_by_1d_True": 0.031250661641718365,
          "mean_FTR9_in_global_by_15d_False": 0.02369206665114014,
          "len_std_count_by_non_zero_group_1d": 0.02172302089729203,
          "rolling_sumratio2max_FTR41_45d": 0.033410260210455,
          "range_FTR36_in_global_by_30d_False": 0.029662721517647306,
          "lda_std_vector_by_30d_False_20_18": 0.03201287290127247,
          "mean_FTR33_in_global_by_7d_False": 0.025809320149901546,
          "lda_mean_vector_by_30d_False_20_14": 0.030827210941966082,
          "max_ratio_FTR43_in_global_by_3d_False": 0.02572463000995109,
          "len_std_count_by_non_zero_group_3d": 0.024284897630793334,
          "mean_FTR29_in_global_by_1d_True": 0.030911901081916538,
          "rolling_sumratio2max_FTR43_15d": 0.032097563041222923,
          "range_FTR9_in_global_by_1d_False": 0.03914801719209841,
          "rolling_sum2max_FTR33_7d": 0.03603565454891914,
          "rolling_sum2max_FTR33_45d": 0.025174144100273126,
          "lda_std_vector_by_30d_False_20_9": 0.038449323537507143,
          "lda_mean_vector_by_30d_False_20_13": 0.03330439753551693,
          "max_ratio_FTR42_in_global_by_1t_False": 0.032605703880925666,
          "std_FTR48_in_global_by_15d_False": 0.022485232156846138,
          "sum_FTR42_in_global_by_1t_False": 0.020854946962799856,
          "mean_FTR48_in_global_by_1t_False": 0.02858292223327899,
          "mean_FTR34_in_global_by_1t_False": 0.03635324257373335,
          "sum_std_count_by_non_zero_group_3d": 0.027312570134022145,
          "max_ratio_FTR43_in_global_by_1t_False": 0.031144798966780293,
          "max_ratio_FTR47_in_global_by_1t_False": 0.03302915458067794,
          "rolling_sum2max_FTR30_30d": 0.026253943384641442,
          "std_FTR30_in_global_by_7d_True": 0.02983210179754822,
          "lda_sum_vector_by_1d_False_5_0": 0.029959137007473904,
          "range_FTR33_in_global_by_30d_True": 0.02926044335288264,
          "sum_FTR41_in_global_by_1t_False": 0.027714848298786815,
          "lda_mean_vector_by_30d_False_20_18": 0.026613876479430882,
          "max_ratio_FTR32_in_global_by_1t_False": 0.0332620524655417,
          "sum_FTR33_in_global_by_1t_False": 0.023310961021363086,
          "std_FTR35_in_global_by_15d_False": 0.02790540111367534
        }
      },
      {
        "best_iteration": 2110,
        "score_offline": 0.949544,
        "feature_importance_dict": {
          "non_zero_count_FTR33_in_global_by_1d_True": 0.032251786359718634,
          "mean_FTR9_in_global_by_15d_False": 0.02733060861345122,
          "len_std_count_by_non_zero_group_1d": 0.024049823449272943,