{
  "result": {
    "best_iteration": [
      110,
      188,
      139,
      112,
      287
    ],
    "score_offline": [
      0.944205,
      0.94013,
      0.945079,
      0.950354,
      0.935129
    ],
    "score_mean_offline": 0.9429793999999999,
    "score_std_offline": 0.005099862766781092,
    "fold_results": [
      {
        "best_iteration": 110,
        "score_offline": 0.944205,
        "feature_importance_dict": {
          "raw_FTR9_MAX_s_zhang": 0.019846639603067207,
          "max_ratio_FTR32_in_global_by_1t_False": 0.02074875958502481,
          "rolling_sum2max_FTR30_30d": 0.02931889941362201,
          "max_ratio_FTR42_in_global_by_1t_False": 0.02390617952187641,
          "raw_FTR41_SUM_s_zhang": 0.03247631935047361,
          "raw_FTR42_SUM_s_zhang": 0.028416779431664412,
          "mean_FTR48_in_global_by_1t_False": 0.02525935949481281,
          "year_count_max_s_zhang": 0.026612539467749212,
          "mean_FTR34_in_global_by_1t_False": 0.03924221921515562,
          "rolling_sum2max_FTR33_45d": 0.02480829950383401,
          "new_FTR36_CONVERT_NUM_NO_ZERO_s_zhang": 0.02255299954894001,
          "D7_hua_FTR0_SUM_MAX_s_zhang": 0.02480829950383401,
          "std_FTR35_in_global_by_15d_False": 0.01849345963013081,
          "mean_FTR9_in_global_by_15d_False": 0.023004059539918808,
          "range_FTR9_in_global_by_1d_False": 0.03247631935047361,
          "ftr51_FTR51_B_CONVERT_NUM_UNIQUE_s_zhang": 0.02706359945872801,
          "nunique_ratio2mean_ftr51_by_400d": 0.02210193955796121,
          "max_ratio_FTR43_in_global_by_1t_False": 0.02435723951285521,
          "rolling_sumratio2max_FTR41_45d": 0.036535859269282815,
          "lda_sum_vector_by_1d_False_5_0": 0.02480829950383401,
          "lda_std_vector_by_1d_False_5_4": 0.02074875958502481,
          "raw_FTR33_SUM_s_zhang": 0.021199819576003608,
          "std_FTR30_in_global_by_7d_True": 0.017140279657194408,
          "range_FTR33_in_global_by_30d_True": 0.030221019395579612,
          "mean_FTR33_in_global_by_7d_False": 0.02165087956698241,
          "len_std_count_by_non_zero_group_3d": 0.02616147947677041,
          "mean_FTR29_in_global_by_1d_True": 0.02525935949481281,
          "rolling_sum2max_FTR33_7d": 0.03924221921515562,
          "rolling_sumratio2max_FTR43_15d": 0.03337843933243121,
          "sum_std_count_by_non_zero_group_3d": 0.03112313937753721,
          "non_zero_count_FTR33_in_global_by_1d_True": 0.04285069914298602,
          "raw_FTR30_MAX_s_zhang": 0.023004059539918808,
          "max_ratio_FTR47_in_global_by_1t_False": 0.02751465944970681,
          "std_FTR48_in_global_by_15d_False": 0.02480829950383401,
          "range_FTR36_in_global_by_30d_False": 0.02616147947677041,
          "D7_hua_FTR34_SUM_MAX_s_zhang": 0.02165087956698241,
          "max_ratio_FTR43_in_global_by_3d_False": 0.018944519621109608,
          "lda_mean_vector_by_1d_False_5_1": 0.02210193955796121
        }
      },
      {
        "best_iteration": 188,
        "score_offline": 0.94013,
        "feature_importance_dict": {
          "raw_FTR9_MAX_s_zhang": 0.01911860012961763,
          "max_ratio_FTR32_in_global_by_1t_False": 0.02268308489954634,
          "rolling_sum2max_FTR30_30d": 0.027219701879455604,
          "max_ratio_FTR42_in_global_by_1t_False": 0.030136098509397278,
          "raw_FTR41_SUM_s_zhang": 0.020738820479585224,
          "raw_FTR42_SUM_s_zhang": 0.023655217109526897,
          "mean_FTR48_in_global_by_1t_False": 0.027867790019442645,
          "year_count_max_s_zhang": 0.023979261179520414,
          "mean_FTR34_in_global_by_1t_False": 0.03596889176928062,
          "rolling_sum2max_FTR33_45d": 0.02235904082955282,
          "new_FTR36_CONVERT_NUM_NO_ZERO_s_zhang": 0.0220349967595593,
          "D7_hua_FTR0_SUM_MAX_s_zhang": 0.02559948152948801,
          "std_FTR35_in_global_by_15d_False": 0.026895657809462088,
          "mean_FTR9_in_global_by_15d_False": 0.023007128969539856,
          "range_FTR9_in_global_by_1d_False": 0.031432274789371356,
          "ftr51_FTR51_B_CONVERT_NUM_UNIQUE_s_zhang": 0.02592352559948153,
          "nunique_ratio2mean_ftr51_by_400d": 0.018794556059624108,
          "max_ratio_FTR43_in_global_by_1t_False": 0.023331173039533377,
          "rolling_sumratio2max_FTR41_45d": 0.033700583279325985,
          "lda_sum_vector_by_1d_False_5_0": 0.024303305249513935,
          "lda_std_vector_by_1d_False_5_4": 0.02268308489954634,
          "raw_FTR33_SUM_s_zhang": 0.024951393389500972,
          "std_FTR30_in_global_by_7d_True": 0.030136098509397278,
          "range_FTR33_in_global_by_30d_True": 0.029812054439403757,
          "mean_FTR33_in_global_by_7d_False": 0.020414776409591703,
          "len_std_count_by_non_zero_group_3d": 0.023007128969539856,
          "mean_FTR29_in_global_by_1d_True": 0.030136098509397278,
          "rolling_sum2max_FTR33_7d": 0.030136098509397278,
          "rolling_sumratio2max_FTR43_15d": 0.03272845106934543,
          "sum_std_count_by_non_zero_group_3d": 0.031108230719377836,
          "non_zero_count_FTR33_in_global_by_1d_True": 0.037265068049254696,
          "raw_FTR30_MAX_s_zhang": 0.025275437459494492,
          "max_ratio_FTR47_in_global_by_1t_False": 0.023655217109526897,
          "std_FTR48_in_global_by_15d_False": 0.020090732339598186,
          "range_FTR36_in_global_by_30d_False": 0.026571613739468567,
          "D7_hua_FTR34_SUM_MAX_s_zhang": 0.031108230719377836,
          "max_ratio_FTR43_in_global_by_3d_False": 0.024303305249513935,
          "lda_mean_vector_by_1d_False_5_1": 0.027867790019442645
        }
      },
      {
        "best_iteration": 139,
        "score_offline": 0.945079,
        "feature_importance_dict": {
          "raw_FTR9_MAX_s_zhang": 0.018227009113504555,
          "max_ratio_FTR32_in_global_by_1t_False": 0.023612261806130904,
          "rolling_sum2max_FTR30_30d": 0.01946975973487987,
          "max_ratio_FTR42_in_global_by_1t_False": 0.02775476387738194,
          "raw_FTR41_SUM_s_zhang": 0.02444076222038111,
          "raw_FTR42_SUM_s_zhang": 0.026926263463131733,
          "mean_FTR48_in_global_by_1t_False": 0.01988400994200497,
          "year_count_max_s_zhang": 0.02444076222038111,
          "mean_FTR34_in_global_by_1t_False": 0.03935376967688484,
          "rolling_sum2max_FTR33_45d": 0.026097763048881523,
          "new_FTR36_CONVERT_NUM_NO_ZERO_s_zhang": 0.02899751449875725,
          "D7_hua_FTR0_SUM_MAX_s_zhang": 0.03106876553438277,
          "std_FTR35_in_global_by_15d_False": 0.026512013256006627,
          "mean_FTR9_in_global_by_15d_False": 0.021955260977630488,
          "range_FTR9_in_global_by_1d_False": 0.035211267605633804,
          "ftr51_FTR51_B_CONVERT_NUM_UNIQUE_s_zhang": 0.03189726594863297,
          "nunique_ratio2mean_ftr51_by_400d": 0.020298260149130075,
          "max_ratio_FTR43_in_global_by_1t_False": 0.0231980115990058,
          "rolling_sumratio2max_FTR41_45d": 0.03355426677713339,
          "lda_sum_vector_by_1d_False_5_0": 0.021955260977630488,
          "lda_std_vector_by_1d_False_5_4": 0.021541010770505385,
          "raw_FTR33_SUM_s_zhang": 0.026512013256006627,
          "std_FTR30_in_global_by_7d_True": 0.023612261806130904,
          "range_FTR33_in_global_by_30d_True": 0.029411764705882353,
          "mean_FTR33_in_global_by_7d_False": 0.020298260149130075,
          "len_std_count_by_non_zero_group_3d": 0.024855012427506214,
          "mean_FTR29_in_global_by_1d_True": 0.02775476387738194,
          "rolling_sum2max_FTR33_7d": 0.03645401822700911,
          "rolling_sumratio2max_FTR43_15d": 0.03396851698425849,
          "sum_std_count_by_non_zero_group_3d": 0.03106876553438277,
          "non_zero_count_FTR33_in_global_by_1d_True": 0.0343827671913836,
          "raw_FTR30_MAX_s_zhang": 0.01946975973487987,
          "max_ratio_FTR47_in_global_by_1t_False": 0.03024026512013256,
          "std_FTR48_in_global_by_15d_False": 0.02236951118475559,