{
  "result": {
    "best_iteration": [
      2453,
      1563,
      2173,
      2424,
      2989
    ],
    "score_offline": [
      0.944534,
      0.933933,
      0.944821,
      0.949455,
      0.931266
    ],
    "score_mean_offline": 0.9408018,
    "score_std_offline": 0.006972417813068865,
    "fold_results": [
      {
        "best_iteration": 2453,
        "score_offline": 0.944534,
        "feature_importance_dict": {
          "lda_max_vector_by_1d_False_20_18": 0.0279109324261636,
          "lda_sum_vector_by_1d_False_20_12": 0.026441935982681304,
          "lda_sum_vector_by_1d_False_20_19": 0.026648110922117416,
          "lda_sum_vector_by_1d_False_20_2": 0.02195763104994588,
          "lda_sum_vector_by_1d_False_20_3": 0.0462089583011185,
          "lda_sum_vector_by_1d_False_20_6": 0.030874697180557704,
          "lda_sum_vector_by_1d_False_20_9": 0.025771867429513942,
          "len_std_count_by_non_zero_group_1d": 0.02306582134941498,
          "len_std_count_by_non_zero_group_3d": 0.0234781712282872,
          "max_ratio_FTR32_in_global_by_1t_False": 0.028142879233029227,
          "max_ratio_FTR42_in_global_by_1t_False": 0.028194422967888252,
          "max_ratio_FTR43_in_global_by_1t_False": 0.028838719653626103,
          "max_ratio_FTR43_in_global_by_3d_False": 0.02419978351631359,
          "max_ratio_FTR47_in_global_by_1t_False": 0.030436575434255965,
          "mean_FTR29_in_global_by_1d_True": 0.026957373331271583,
          "mean_FTR33_in_global_by_7d_False": 0.026880057728983043,
          "mean_FTR34_in_global_by_1t_False": 0.03953404463687439,
          "mean_FTR48_in_global_by_1t_False": 0.030874697180557704,
          "mean_FTR9_in_global_by_15d_False": 0.021545281171073655,
          "non_zero_count_FTR33_in_global_by_1d_True": 0.029714963146229574,
          "range_FTR33_in_global_by_30d_True": 0.028941807123344158,
          "range_FTR36_in_global_by_30d_False": 0.0268027421266945,
          "range_FTR9_in_global_by_1d_False": 0.037601154579660845,
          "rolling_sum2max_FTR30_30d": 0.03141590639657749,
          "rolling_sum2max_FTR33_45d": 0.023091593216844494,
          "rolling_sum2max_FTR33_7d": 0.032008659347456316,
          "rolling_sumratio2max_FTR41_45d": 0.031261275192000414,
          "rolling_sumratio2max_FTR43_15d": 0.03564249265501778,
          "std_FTR30_in_global_by_7d_True": 0.028864491521055614,
          "std_FTR35_in_global_by_15d_False": 0.02505025514148755,
          "std_FTR48_in_global_by_15d_False": 0.0279109324261636,
          "sum_FTR33_in_global_by_1t_False": 0.023838977372300396,
          "sum_FTR41_in_global_by_1t_False": 0.02752435441472089,
          "sum_FTR42_in_global_by_1t_False": 0.025282201948353178,
          "sum_std_count_by_non_zero_group_3d": 0.027086232668419155
        }
      },
      {
        "best_iteration": 1563,
        "score_offline": 0.933933,
        "feature_importance_dict": {
          "lda_max_vector_by_1d_False_20_18": 0.0284597828342209,
          "lda_sum_vector_by_1d_False_20_12": 0.025485856559928074,
          "lda_sum_vector_by_1d_False_20_19": 0.02673075593056228,
          "lda_sum_vector_by_1d_False_20_2": 0.032436544712635726,
          "lda_sum_vector_by_1d_False_20_3": 0.04619959886575835,
          "lda_sum_vector_by_1d_False_20_6": 0.035790856905733456,
          "lda_sum_vector_by_1d_False_20_9": 0.03160661179887959,
          "len_std_count_by_non_zero_group_1d": 0.021785738986098625,
          "len_std_count_by_non_zero_group_3d": 0.02040251746317173,
          "max_ratio_FTR32_in_global_by_1t_False": 0.02514005117919635,
          "max_ratio_FTR42_in_global_by_1t_False": 0.026212047859464693,
          "max_ratio_FTR43_in_global_by_1t_False": 0.029670101666781936,
          "max_ratio_FTR43_in_global_by_3d_False": 0.02801023583926966,
          "max_ratio_FTR47_in_global_by_1t_False": 0.026696175392489106,
          "mean_FTR29_in_global_by_1d_True": 0.028390621758074556,
          "mean_FTR33_in_global_by_7d_False": 0.026799917006708623,
          "mean_FTR34_in_global_by_1t_False": 0.040251746317172696,
          "mean_FTR48_in_global_by_1t_False": 0.023756829656269452,
          "mean_FTR9_in_global_by_15d_False": 0.02863268552458676,
          "non_zero_count_FTR33_in_global_by_1d_True": 0.03295525278373331,
          "range_FTR33_in_global_by_30d_True": 0.028148557991562347,
          "range_FTR36_in_global_by_30d_False": 0.027768172072757454,
          "range_FTR9_in_global_by_1d_False": 0.03357770246905042,
          "rolling_sum2max_FTR30_30d": 0.027560688844318417,
          "rolling_sum2max_FTR33_45d": 0.023791410194342624,
          "rolling_sum2max_FTR33_7d": 0.02818313852963552,
          "rolling_sumratio2max_FTR41_45d": 0.03350854139290407,
          "rolling_sumratio2max_FTR43_15d": 0.0348571823777578,
          "std_FTR30_in_global_by_7d_True": 0.02773359153468428,
          "std_FTR35_in_global_by_15d_False": 0.028667266062659937,
          "std_FTR48_in_global_by_15d_False": 0.02258109136178159,
          "sum_FTR33_in_global_by_1t_False": 0.025797081402586623,
          "sum_FTR41_in_global_by_1t_False": 0.0214399336053669,
          "sum_FTR42_in_global_by_1t_False": 0.023618507503976763,
          "sum_std_count_by_non_zero_group_3d": 0.027353205615879384
        }
      },
      {
        "best_iteration": 2173,
        "score_offline": 0.944821,
        "feature_importance_dict": {
          "lda_max_vector_by_1d_False_20_18": 0.025874165123196947,
          "lda_sum_vector_by_1d_False_20_12": 0.02601448055228153,
          "lda_sum_vector_by_1d_False_20_19": 0.031935791659650895,
          "lda_sum_vector_by_1d_False_20_2": 0.029101419992142337,
          "lda_sum_vector_by_1d_False_20_3": 0.03900768928551383,
          "lda_sum_vector_by_1d_False_20_6": 0.03322669360722905,
          "lda_sum_vector_by_1d_False_20_9": 0.030925520570241904,
          "len_std_count_by_non_zero_group_1d": 0.021889206937194813,
          "len_std_count_by_non_zero_group_3d": 0.022506594825166974,
          "max_ratio_FTR32_in_global_by_1t_False": 0.029494303193579166,
          "max_ratio_FTR42_in_global_by_1t_False": 0.029999438738283663,
          "max_ratio_FTR43_in_global_by_1t_False": 0.02960655553684683,
          "max_ratio_FTR43_in_global_by_3d_False": 0.023825559858562047,
          "max_ratio_FTR47_in_global_by_1t_False": 0.03258124263343997,
          "mean_FTR29_in_global_by_1d_True": 0.028933041477240837,
          "mean_FTR33_in_global_by_7d_False": 0.02489195711960487,
          "mean_FTR34_in_global_by_1t_False": 0.03687489476342819,
          "mean_FTR48_in_global_by_1t_False": 0.02351686591457597,
          "mean_FTR9_in_global_by_15d_False": 0.024330695403266545,
          "non_zero_count_FTR33_in_global_by_1d_True": 0.03081326822697424,
          "range_FTR33_in_global_by_30d_True": 0.02977493405174833,
          "range_FTR36_in_global_by_30d_False": 0.026996688555873605,
          "range_FTR9_in_global_by_1d_False": 0.03934444631531683,
          "rolling_sum2max_FTR30_30d": 0.025032272548689453,
          "rolling_sum2max_FTR33_45d": 0.02814727507436718,
          "rolling_sum2max_FTR33_7d": 0.032833810405792224,
          "rolling_sumratio2max_FTR41_45d": 0.029494303193579166,
          "rolling_sumratio2max_FTR43_15d": 0.03401246001010271,
          "std_FTR30_in_global_by_7d_True": 0.028399842846719425,
          "std_FTR35_in_global_by_15d_False": 0.02764213952966268,
          "std_FTR48_in_global_by_15d_False": 0.02458326317561879,
          "sum_FTR33_in_global_by_1t_False": 0.022674973340068474,
          "sum_FTR41_in_global_by_1t_False": 0.023713307515294383,
          "sum_FTR42_in_global_by_1t_False": 0.022085648537913227,
          "sum_std_count_by_non_zero_group_3d": 0.029915249480832913
        }
      },
      {
        "best_iteration": 2424,
        "score_offline": 0.949455,
        "feature_importance_dict": {
          "lda_max_vector_by_1d_False_20_18": 0.02959650528601339,