{
  "result": {
    "best_iteration": [
      3258,
      1418,
      1830,
      2895,
      3922
    ],
    "score_offline": [
      0.945983,
      0.935211,
      0.943021,
      0.951221,
      0.927953
    ],
    "score_mean_offline": 0.9406777999999999,
    "score_std_offline": 0.008204891672654783,
    "fold_results": [
      {
        "best_iteration": 3258,
        "score_offline": 0.945983,
        "feature_importance_dict": {
          "lda_sum_vector_by_1d_False_20_19": 0.028239440949238682,
          "sum_FTR42_in_global_by_1t_False": 0.021579195442342766,
          "mean_FTR33_in_global_by_7d_False": 0.026948377974055783,
          "mean_FTR29_in_global_by_1d_True": 0.02836239932782753,
          "non_zero_count_FTR38_in_global_by_1d_True": 0.0189150972395844,
          "range_FTR36_in_global_by_30d_False": 0.02688689878476136,
          "max_ratio_FTR32_in_global_by_1t_False": 0.027604155993196305,
          "lda_sum_vector_by_1d_False_20_13": 0.029079656536262474,
          "lda_sum_vector_by_1d_False_20_3": 0.04485931512183126,
          "len_std_count_by_non_zero_group_1d": 0.022234973461483287,
          "sum_std_count_by_non_zero_group_3d": 0.025882738692952434,
          "sum_FTR41_in_global_by_1t_False": 0.02899768428386991,
          "non_zero_count_FTR33_in_global_by_1d_True": 0.027645142119392587,
          "rolling_sumratio2max_FTR43_15d": 0.032809394020124186,
          "std_FTR30_in_global_by_7d_True": 0.027829579687275858,
          "range_FTR9_in_global_by_1d_False": 0.03805561817324835,
          "max_ratio_FTR43_in_global_by_3d_False": 0.026046683197737567,
          "sum_FTR33_in_global_by_1t_False": 0.022153001209090722,
          "lda_max_vector_by_1d_False_20_18": 0.028116482570649835,
          "range_FTR33_in_global_by_30d_True": 0.0281984548230424,
          "lda_std_vector_by_30d_False_20_9": 0.030022337438776973,
          "rolling_sum2max_FTR33_7d": 0.03217410906408181,
          "max_ratio_FTR43_in_global_by_1t_False": 0.029919872123286267,
          "max_ratio_FTR47_in_global_by_1t_False": 0.02981740680779556,
          "mean_FTR48_in_global_by_1t_False": 0.030719101584113777,
          "std_FTR35_in_global_by_15d_False": 0.02610816238703199,
          "rolling_sum2max_FTR33_45d": 0.02229645265077771,
          "rolling_sumratio2max_FTR41_45d": 0.03223558825337623,
          "len_std_count_by_non_zero_group_3d": 0.024284279771297417,
          "mean_FTR9_in_global_by_15d_False": 0.025083509232124927,
          "max_ratio_FTR42_in_global_by_1t_False": 0.028628809148103368,
          "mean_FTR34_in_global_by_1t_False": 0.039674570158001514,
          "std_FTR48_in_global_by_15d_False": 0.02789105887657028,
          "lda_std_vector_by_30d_False_20_18": 0.028546836895710803,
          "rolling_sum2max_FTR30_30d": 0.03215361600098367
        }
      },
      {
        "best_iteration": 1418,
        "score_offline": 0.935211,
        "feature_importance_dict": {
          "lda_sum_vector_by_1d_False_20_19": 0.028085414404632646,
          "sum_FTR42_in_global_by_1t_False": 0.022186029677886354,
          "mean_FTR33_in_global_by_7d_False": 0.029134998190372782,
          "mean_FTR29_in_global_by_1d_True": 0.026492942453854505,
          "non_zero_count_FTR38_in_global_by_1d_True": 0.01863916033297141,
          "range_FTR36_in_global_by_30d_False": 0.028664495114006514,
          "max_ratio_FTR32_in_global_by_1t_False": 0.02815779949330438,
          "lda_sum_vector_by_1d_False_20_13": 0.030112196887441187,
          "lda_sum_vector_by_1d_False_20_3": 0.050488599348534204,
          "len_std_count_by_non_zero_group_1d": 0.02099167571480275,
          "sum_std_count_by_non_zero_group_3d": 0.025407166123778503,
          "sum_FTR41_in_global_by_1t_False": 0.023669923995656896,
          "non_zero_count_FTR33_in_global_by_1d_True": 0.03061889250814332,
          "rolling_sumratio2max_FTR43_15d": 0.030727470141150924,
          "std_FTR30_in_global_by_7d_True": 0.025732899022801303,
          "range_FTR9_in_global_by_1d_False": 0.033441910966340936,
          "max_ratio_FTR43_in_global_by_3d_False": 0.03087224031849439,
          "sum_FTR33_in_global_by_1t_False": 0.02721679334057184,
          "lda_max_vector_by_1d_False_20_18": 0.028773072747014114,
          "range_FTR33_in_global_by_30d_True": 0.030220774520448787,
          "lda_std_vector_by_30d_False_20_9": 0.032899022801302934,
          "rolling_sum2max_FTR33_7d": 0.030365544697792256,
          "max_ratio_FTR43_in_global_by_1t_False": 0.03242851972493666,
          "max_ratio_FTR47_in_global_by_1t_False": 0.02656532754252624,
          "mean_FTR48_in_global_by_1t_False": 0.023778501628664496,
          "std_FTR35_in_global_by_15d_False": 0.02873688020267825,
          "rolling_sum2max_FTR33_45d": 0.02761491132826638,
          "rolling_sumratio2max_FTR41_45d": 0.033441910966340936,
          "len_std_count_by_non_zero_group_3d": 0.02110025334781035,
          "mean_FTR9_in_global_by_15d_False": 0.026275787187839305,
          "max_ratio_FTR42_in_global_by_1t_False": 0.025588128845457837,
          "mean_FTR34_in_global_by_1t_False": 0.03894317770539269,
          "std_FTR48_in_global_by_15d_False": 0.023090843286283025,
          "lda_std_vector_by_30d_False_20_18": 0.03384002895403547,
          "rolling_sum2max_FTR30_30d": 0.025696706478465437
        }
      },
      {
        "best_iteration": 1830,
        "score_offline": 0.943021,
        "feature_importance_dict": {
          "lda_sum_vector_by_1d_False_20_19": 0.029164576016056196,
          "sum_FTR42_in_global_by_1t_False": 0.02016432513798294,
          "mean_FTR33_in_global_by_7d_False": 0.025715002508780734,
          "mean_FTR29_in_global_by_1d_True": 0.029164576016056196,
          "non_zero_count_FTR38_in_global_by_1d_True": 0.019788008028098346,
          "range_FTR36_in_global_by_30d_False": 0.027032112393376818,
          "max_ratio_FTR32_in_global_by_1t_False": 0.03173607626693427,
          "lda_sum_vector_by_1d_False_20_13": 0.03593828399397893,
          "lda_sum_vector_by_1d_False_20_3": 0.04239839438033116,
          "len_std_count_by_non_zero_group_1d": 0.02192047165077772,
          "sum_std_count_by_non_zero_group_3d": 0.028349222277972905,
          "sum_FTR41_in_global_by_1t_False": 0.02596588058203713,
          "non_zero_count_FTR33_in_global_by_1d_True": 0.029729051680883092,
          "rolling_sumratio2max_FTR43_15d": 0.030983442047165077,
          "std_FTR30_in_global_by_7d_True": 0.028317862518815854,
          "range_FTR9_in_global_by_1d_False": 0.04133216256899147,
          "max_ratio_FTR43_in_global_by_3d_False": 0.023739337681886602,
          "sum_FTR33_in_global_by_1t_False": 0.022735825388861014,
          "lda_max_vector_by_1d_False_20_18": 0.025181886603110888,
          "range_FTR33_in_global_by_30d_True": 0.030262167586552934,
          "lda_std_vector_by_30d_False_20_9": 0.036001003512293024,
          "rolling_sum2max_FTR33_7d": 0.03534244856999498,
          "max_ratio_FTR43_in_global_by_1t_False": 0.031046161565479177,
          "max_ratio_FTR47_in_global_by_1t_False": 0.030199448068238835,
          "mean_FTR48_in_global_by_1t_False": 0.02609131961866533,
          "std_FTR35_in_global_by_15d_False": 0.028317862518815854,
          "rolling_sum2max_FTR33_45d": 0.028286502759658806,
          "rolling_sumratio2max_FTR41_45d": 0.03186151530356247,
          "len_std_count_by_non_zero_group_3d": 0.023519819367787256,
          "mean_FTR9_in_global_by_15d_False": 0.02326894129453086,
          "max_ratio_FTR42_in_global_by_1t_False": 0.02797290516808831,
          "mean_FTR34_in_global_by_1t_False": 0.033931259407927745,
          "std_FTR48_in_global_by_15d_False": 0.022767185148018062,
          "lda_std_vector_by_30d_False_20_18": 0.027722027094831913,
          "rolling_sum2max_FTR30_30d": 0.024052935273457098
        }
      },
      {
        "best_iteration": 2895,
        "score_offline": 0.951221,