{
  "result": {
    "best_iteration": [
      263,
      214,
      204,
      315,
      380
    ],
    "score_offline": [
      0.963606,
      0.956592,
      0.963989,
      0.974147,
      0.96824
    ],
    "score_mean_offline": 0.9653148,
    "score_std_offline": 0.005784972511602797,
    "fold_results": [
      {
        "best_iteration": 263,
        "score_offline": 0.963606,
        "feature_importance_dict": {
          "D7_hua_FTR0_SUM_MAX_s_zhang": 0.025326370757180156,
          "D7_hua_FTR34_SUM_MAX_s_zhang": 0.01671018276762402,
          "ftr51_FTR51_B_CONVERT_NUM_UNIQUE_s_zhang": 0.022715404699738904,
          "lda_mean_vector_by_1d_False_5_1": 0.02193211488250653,
          "lda_std_vector_by_1d_False_5_4": 0.0206266318537859,
          "lda_sum_vector_by_1d_False_5_0": 0.02193211488250653,
          "len_std_count_by_non_zero_group_1d": 0.018276762402088774,
          "len_std_count_by_non_zero_group_3d": 0.02114882506527415,
          "max_fraud_ratio": 0.09112271540469974,
          "max_ratio_FTR32_in_global_by_1t_False": 0.022193211488250653,
          "max_ratio_FTR42_in_global_by_1t_False": 0.02402088772845953,
          "max_ratio_FTR43_in_global_by_1t_False": 0.02193211488250653,
          "max_ratio_FTR43_in_global_by_3d_False": 0.0216710182767624,
          "max_ratio_FTR47_in_global_by_1t_False": 0.025848563968668407,
          "mean_FTR29_in_global_by_1d_True": 0.024804177545691905,
          "mean_FTR33_in_global_by_7d_False": 0.02402088772845953,
          "mean_FTR34_in_global_by_1t_False": 0.03080939947780679,
          "mean_FTR48_in_global_by_1t_False": 0.02637075718015666,
          "mean_FTR9_in_global_by_15d_False": 0.018798955613577025,
          "new_FTR36_CONVERT_NUM_NO_ZERO_s_zhang": 0.023759791122715406,
          "non_zero_count_FTR33_in_global_by_1d_True": 0.025587467362924284,
          "nunique_ratio2mean_ftr51_by_400d": 0.01723237597911227,
          "range_FTR33_in_global_by_30d_True": 0.02402088772845953,
          "range_FTR36_in_global_by_30d_False": 0.0195822454308094,
          "range_FTR9_in_global_by_1d_False": 0.032114882506527415,
          "raw_FTR30_MAX_s_zhang": 0.02610966057441253,
          "raw_FTR33_SUM_s_zhang": 0.018276762402088774,
          "raw_FTR41_SUM_s_zhang": 0.02793733681462141,
          "raw_FTR42_SUM_s_zhang": 0.0206266318537859,
          "raw_FTR9_MAX_s_zhang": 0.017493472584856395,
          "rolling_sum2max_FTR30_30d": 0.02637075718015666,
          "rolling_sum2max_FTR33_45d": 0.015926892950391645,
          "rolling_sum2max_FTR33_7d": 0.03159268929503917,
          "rolling_sumratio2max_FTR41_45d": 0.029242819843342035,
          "rolling_sumratio2max_FTR43_15d": 0.03629242819843342,
          "std_FTR30_in_global_by_7d_True": 0.0216710182767624,
          "std_FTR35_in_global_by_15d_False": 0.022715404699738904,
          "std_FTR48_in_global_by_15d_False": 0.020887728459530026,
          "sum_std_count_by_non_zero_group_3d": 0.02010443864229765,
          "year_count_max_s_zhang": 0.022193211488250653
        }
      },
      {
        "best_iteration": 214,
        "score_offline": 0.956592,
        "feature_importance_dict": {
          "D7_hua_FTR0_SUM_MAX_s_zhang": 0.025421133231240428,
          "D7_hua_FTR34_SUM_MAX_s_zhang": 0.02450229709035222,
          "ftr51_FTR51_B_CONVERT_NUM_UNIQUE_s_zhang": 0.02909647779479326,
          "lda_mean_vector_by_1d_False_5_1": 0.022052067381316997,
          "lda_std_vector_by_1d_False_5_4": 0.017151607963246555,
          "lda_sum_vector_by_1d_False_5_0": 0.021745788667687595,
          "len_std_count_by_non_zero_group_1d": 0.02021439509954058,
          "len_std_count_by_non_zero_group_3d": 0.019908116385911178,
          "max_fraud_ratio": 0.09617151607963247,
          "max_ratio_FTR32_in_global_by_1t_False": 0.023889739663093414,
          "max_ratio_FTR42_in_global_by_1t_False": 0.02358346094946401,
          "max_ratio_FTR43_in_global_by_1t_False": 0.022970903522205207,
          "max_ratio_FTR43_in_global_by_3d_False": 0.021745788667687595,
          "max_ratio_FTR47_in_global_by_1t_False": 0.024808575803981624,
          "mean_FTR29_in_global_by_1d_True": 0.02419601837672282,
          "mean_FTR33_in_global_by_7d_False": 0.020520673813169986,
          "mean_FTR34_in_global_by_1t_False": 0.033690658499234305,
          "mean_FTR48_in_global_by_1t_False": 0.022358346094946403,
          "mean_FTR9_in_global_by_15d_False": 0.019908116385911178,
          "new_FTR36_CONVERT_NUM_NO_ZERO_s_zhang": 0.019601837672281776,
          "non_zero_count_FTR33_in_global_by_1d_True": 0.028483920367534457,
          "nunique_ratio2mean_ftr51_by_400d": 0.019295558958652374,
          "range_FTR33_in_global_by_30d_True": 0.026339969372128638,
          "range_FTR36_in_global_by_30d_False": 0.023889739663093414,
          "range_FTR9_in_global_by_1d_False": 0.029402756508422664,
          "raw_FTR30_MAX_s_zhang": 0.021439509954058193,
          "raw_FTR33_SUM_s_zhang": 0.02327718223583461,
          "raw_FTR41_SUM_s_zhang": 0.021745788667687595,
          "raw_FTR42_SUM_s_zhang": 0.017151607963246555,
          "raw_FTR9_MAX_s_zhang": 0.015926493108728942,
          "rolling_sum2max_FTR30_30d": 0.02113323124042879,
          "rolling_sum2max_FTR33_45d": 0.021439509954058193,
          "rolling_sum2max_FTR33_7d": 0.028483920367534457,
          "rolling_sumratio2max_FTR41_45d": 0.02787136294027565,
          "rolling_sumratio2max_FTR43_15d": 0.031852986217457885,
          "std_FTR30_in_global_by_7d_True": 0.021745788667687595,
          "std_FTR35_in_global_by_15d_False": 0.021745788667687595,
          "std_FTR48_in_global_by_15d_False": 0.019295558958652374,
          "sum_std_count_by_non_zero_group_3d": 0.02419601837672282,
          "year_count_max_s_zhang": 0.021745788667687595
        }
      },
      {
        "best_iteration": 204,
        "score_offline": 0.963989,
        "feature_importance_dict": {
          "D7_hua_FTR0_SUM_MAX_s_zhang": 0.025691056910569107,
          "D7_hua_FTR34_SUM_MAX_s_zhang": 0.023414634146341463,
          "ftr51_FTR51_B_CONVERT_NUM_UNIQUE_s_zhang": 0.026341463414634145,
          "lda_mean_vector_by_1d_False_5_1": 0.022113821138211382,
          "lda_std_vector_by_1d_False_5_4": 0.021463414634146343,
          "lda_sum_vector_by_1d_False_5_0": 0.021788617886178863,
          "len_std_count_by_non_zero_group_1d": 0.023739837398373983,
          "len_std_count_by_non_zero_group_3d": 0.01788617886178862,
          "max_fraud_ratio": 0.10634146341463414,
          "max_ratio_FTR32_in_global_by_1t_False": 0.025691056910569107,
          "max_ratio_FTR42_in_global_by_1t_False": 0.030894308943089432,
          "max_ratio_FTR43_in_global_by_1t_False": 0.022764227642276424,
          "max_ratio_FTR43_in_global_by_3d_False": 0.021788617886178863,
          "max_ratio_FTR47_in_global_by_1t_False": 0.025365853658536587,
          "mean_FTR29_in_global_by_1d_True": 0.026341463414634145,
          "mean_FTR33_in_global_by_7d_False": 0.023089430894308944,
          "mean_FTR34_in_global_by_1t_False": 0.02829268292682927,
          "mean_FTR48_in_global_by_1t_False": 0.023414634146341463,
          "mean_FTR9_in_global_by_15d_False": 0.022113821138211382,
          "new_FTR36_CONVERT_NUM_NO_ZERO_s_zhang": 0.01788617886178862,
          "non_zero_count_FTR33_in_global_by_1d_True": 0.025365853658536587,
          "nunique_ratio2mean_ftr51_by_400d": 0.01788617886178862,
          "range_FTR33_in_global_by_30d_True": 0.022764227642276424,
          "range_FTR36_in_global_by_30d_False": 0.0191869918699187,
          "range_FTR9_in_global_by_1d_False": 0.033821138211382114,
          "raw_FTR30_MAX_s_zhang": 0.01983739837398374,
          "raw_FTR33_SUM_s_zhang": 0.01983739837398374,
          "raw_FTR41_SUM_s_zhang": 0.022764227642276424,
          "raw_FTR42_SUM_s_zhang": 0.016585365853658537,
          "raw_FTR9_MAX_s_zhang": 0.014308943089430894,