{
  "result": {
    "best_iteration": [
      2085,
      2556,
      2374,
      2244,
      3858
    ],
    "score_offline": [
      0.946587,
      0.935131,
      0.947694,
      0.951319,
      0.930458
    ],
    "score_mean_offline": 0.9422378,
    "score_std_offline": 0.008005300079322444,
    "fold_results": [
      {
        "best_iteration": 2085,
        "score_offline": 0.946587,
        "feature_importance_dict": {
          "lda_max_vector_by_1d_False_20_18": 0.02135754431474276,
          "lda_mean_vector_by_1d_False_5_1": 0.019368785127539992,
          "lda_mean_vector_by_7d_False_5_0": 0.011615506557140798,
          "lda_mean_vector_by_7d_False_5_3": 0.015362444156218475,
          "lda_std_vector_by_1d_False_5_4": 0.02487390113849258,
          "lda_sum_vector_by_1d_False_20_12": 0.02153047989623865,
          "lda_sum_vector_by_1d_False_20_19": 0.02204928664072633,
          "lda_sum_vector_by_1d_False_20_2": 0.016861219195849545,
          "lda_sum_vector_by_1d_False_20_3": 0.031848969592160256,
          "lda_sum_vector_by_1d_False_20_6": 0.021444012105490705,
          "lda_sum_vector_by_1d_False_20_9": 0.019051736561464187,
          "lda_sum_vector_by_1d_False_5_0": 0.024038045827929098,
          "lda_sum_vector_by_1d_False_5_3": 0.01948407551520392,
          "len_std_count_by_non_zero_group_1d": 0.020608156794927224,
          "len_std_count_by_non_zero_group_3d": 0.020608156794927224,
          "max_ratio_FTR32_in_global_by_1t_False": 0.023202190517365613,
          "max_ratio_FTR42_in_global_by_1t_False": 0.023893932843349185,
          "max_ratio_FTR43_in_global_by_1t_False": 0.026689724744199454,
          "max_ratio_FTR43_in_global_by_3d_False": 0.02207810923764231,
          "max_ratio_FTR47_in_global_by_1t_False": 0.027986741605418648,
          "mean_FTR29_in_global_by_1d_True": 0.024412739587836865,
          "mean_FTR33_in_global_by_7d_False": 0.02153047989623865,
          "mean_FTR34_in_global_by_1t_False": 0.03585531056348177,
          "mean_FTR48_in_global_by_1t_False": 0.02654561175961954,
          "mean_FTR9_in_global_by_15d_False": 0.0195128981121199,
          "non_zero_count_FTR33_in_global_by_1d_True": 0.0267761925349474,
          "non_zero_count_FTR38_in_global_by_1d_True": 0.016169476869865976,
          "range_FTR33_in_global_by_30d_True": 0.02666090214728347,
          "range_FTR36_in_global_by_30d_False": 0.02530624009223231,
          "range_FTR9_in_global_by_1d_False": 0.03415477734543882,
          "rolling_sum2max_FTR30_30d": 0.03058077532785704,
          "rolling_sum2max_FTR33_45d": 0.021674592880818563,
          "rolling_sum2max_FTR33_7d": 0.029168468078973917,
          "rolling_sumratio2max_FTR41_45d": 0.02899553249747802,
          "rolling_sumratio2max_FTR43_15d": 0.029139645482057934,
          "std_FTR30_in_global_by_7d_True": 0.02570975644905606,
          "std_FTR35_in_global_by_15d_False": 0.022625738579045974,
          "std_FTR48_in_global_by_15d_False": 0.023231013114281596,
          "sum_FTR33_in_global_by_1t_False": 0.02196281884997838,
          "sum_FTR41_in_global_by_1t_False": 0.027698515636258827,
          "sum_FTR42_in_global_by_1t_False": 0.022222222222222223,
          "sum_std_count_by_non_zero_group_3d": 0.02611327280587981
        }
      },
      {
        "best_iteration": 2556,
        "score_offline": 0.935131,
        "feature_importance_dict": {
          "lda_max_vector_by_1d_False_20_18": 0.025636579807787576,
          "lda_mean_vector_by_1d_False_5_1": 0.01989002278807094,
          "lda_mean_vector_by_7d_False_5_0": 0.014143465768354305,
          "lda_mean_vector_by_7d_False_5_3": 0.015183790746061627,
          "lda_std_vector_by_1d_False_5_4": 0.021822054889527397,
          "lda_sum_vector_by_1d_False_20_12": 0.020311106707619143,
          "lda_sum_vector_by_1d_False_20_19": 0.023035767363519272,
          "lda_sum_vector_by_1d_False_20_2": 0.025487961953829387,
          "lda_sum_vector_by_1d_False_20_3": 0.029996036857227782,
          "lda_sum_vector_by_1d_False_20_6": 0.026057663727335777,
          "lda_sum_vector_by_1d_False_20_9": 0.025587040523134846,
          "lda_sum_vector_by_1d_False_5_0": 0.023159615575151095,
          "lda_sum_vector_by_1d_False_5_3": 0.01659566035866442,
          "len_std_count_by_non_zero_group_1d": 0.02065788170018825,
          "len_std_count_by_non_zero_group_3d": 0.017908451401961754,
          "max_ratio_FTR32_in_global_by_1t_False": 0.023630238779352025,
          "max_ratio_FTR42_in_global_by_1t_False": 0.024819181611017538,
          "max_ratio_FTR43_in_global_by_1t_False": 0.025587040523134846,
          "max_ratio_FTR43_in_global_by_3d_False": 0.026800752997126722,
          "max_ratio_FTR47_in_global_by_1t_False": 0.026553056573863074,
          "mean_FTR29_in_global_by_1d_True": 0.024398097691469334,
          "mean_FTR33_in_global_by_7d_False": 0.020038640642029128,
          "mean_FTR34_in_global_by_1t_False": 0.0363866045774299,
          "mean_FTR48_in_global_by_1t_False": 0.02432378876449024,
          "mean_FTR9_in_global_by_15d_False": 0.024447636976122063,
          "non_zero_count_FTR33_in_global_by_1d_True": 0.025339344099871198,
          "non_zero_count_FTR38_in_global_by_1d_True": 0.017487367482413554,
          "range_FTR33_in_global_by_30d_True": 0.02571088873476667,
          "range_FTR36_in_global_by_30d_False": 0.02462102447240662,
          "range_FTR9_in_global_by_1d_False": 0.0301941939958387,
          "rolling_sum2max_FTR30_30d": 0.02546319231150302,
          "rolling_sum2max_FTR33_45d": 0.02221836916674923,
          "rolling_sum2max_FTR33_7d": 0.02766769047854949,
          "rolling_sumratio2max_FTR41_45d": 0.03172991182007332,
          "rolling_sumratio2max_FTR43_15d": 0.03168037253542059,
          "std_FTR30_in_global_by_7d_True": 0.024299019122163874,
          "std_FTR35_in_global_by_15d_False": 0.025909045873377588,
          "std_FTR48_in_global_by_15d_False": 0.019592787080154564,
          "sum_FTR33_in_global_by_1t_False": 0.022193599524422868,
          "sum_FTR41_in_global_by_1t_False": 0.018304765679183592,
          "sum_FTR42_in_global_by_1t_False": 0.020583572773209154,
          "sum_std_count_by_non_zero_group_3d": 0.024546715545427523
        }
      },
      {
        "best_iteration": 2374,
        "score_offline": 0.947694,
        "feature_importance_dict": {
          "lda_max_vector_by_1d_False_20_18": 0.02285609320877506,
          "lda_mean_vector_by_1d_False_5_1": 0.01823764039046919,
          "lda_mean_vector_by_7d_False_5_0": 0.013120604597459852,
          "lda_mean_vector_by_7d_False_5_3": 0.0158496903537315,
          "lda_std_vector_by_1d_False_5_4": 0.024483048178860083,
          "lda_sum_vector_by_1d_False_20_12": 0.022541198698436023,
          "lda_sum_vector_by_1d_False_20_19": 0.026005038312165423,
          "lda_sum_vector_by_1d_False_20_2": 0.020783037682376403,
          "lda_sum_vector_by_1d_False_20_3": 0.02734333998110633,
          "lda_sum_vector_by_1d_False_20_6": 0.024246877296105803,
          "lda_sum_vector_by_1d_False_20_9": 0.027527028445470766,
          "lda_sum_vector_by_1d_False_5_0": 0.021675238795003673,
          "lda_sum_vector_by_1d_False_5_3": 0.019628424477799937,
          "len_std_count_by_non_zero_group_1d": 0.020809278891571324,
          "len_std_count_by_non_zero_group_3d": 0.019864595360554214,
          "max_ratio_FTR32_in_global_by_1t_False": 0.026739792169623175,
          "max_ratio_FTR42_in_global_by_1t_False": 0.02553269654665687,
          "max_ratio_FTR43_in_global_by_1t_False": 0.025952555893775583,
          "max_ratio_FTR43_in_global_by_3d_False": 0.02120289702949512,
          "max_ratio_FTR47_in_global_by_1t_False": 0.02988873727301354,
          "mean_FTR29_in_global_by_1d_True": 0.026739792169623175,
          "mean_FTR33_in_global_by_7d_False": 0.019523459641020258,
          "mean_FTR34_in_global_by_1t_False": 0.03259158182009027,