{
  "result": {
    "best_iteration": [
      153,
      94,
      286,
      158,
      181
    ],
    "score_offline": [
      0.947023,
      0.933598,
      0.944029,
      0.951064,
      0.92825
    ],
    "score_mean_offline": 0.9407928,
    "score_std_offline": 0.008530801964645514,
    "fold_results": [
      {
        "best_iteration": 153,
        "score_offline": 0.947023,
        "feature_importance_dict": {
          "nunique2mean_ftr51_by_30d": 0.023800234100663287,
          "mean_FTR9_in_global_by_15d_False": 0.02809207959422552,
          "mean_FTR34_in_global_by_1t_False": 0.042138119391338276,
          "lda_mean_vector_by_1d_False_5_1": 0.03784627389777604,
          "mean_FTR29_in_global_by_1d_True": 0.0296527506827936,
          "non_zero_count_FTR33_in_global_by_1d_True": 0.03862660944206009,
          "len_std_count_by_non_zero_group_3d": 0.02614124073351541,
          "max_ratio_FTR47_in_global_by_1t_False": 0.035115099492781895,
          "sum_std_count_by_non_zero_group_3d": 0.03784627389777604,
          "sum_FTR33_in_global_by_1t_False": 0.02926258291065158,
          "max_ratio_FTR32_in_global_by_1t_False": 0.026921576277799453,
          "lda_sum_vector_by_1d_False_5_0": 0.04291845493562232,
          "sum_FTR42_in_global_by_1t_False": 0.034724931720639875,
          "rolling_sum2max_FTR33_45d": 0.026921576277799453,
          "nunique2std_ftr51_by_7d": 0.03589543503706594,
          "max_ratio_FTR43_in_global_by_3d_False": 0.02848224736636754,
          "rolling_sumratio2max_FTR41_45d": 0.04486929379633242,
          "range_FTR36_in_global_by_30d_False": 0.03628560280920796,
          "std_FTR30_in_global_by_7d_True": 0.030042918454935622,
          "max_ratio_FTR43_in_global_by_1t_False": 0.02887241513850956,
          "nunique2std_ftr51_by_30d": 0.03238392508778775,
          "mean_FTR33_in_global_by_7d_False": 0.02536090518923137,
          "range_FTR33_in_global_by_30d_True": 0.03355442840421381,
          "max_ratio_FTR42_in_global_by_1t_False": 0.027311744049941473,
          "sum_FTR41_in_global_by_1t_False": 0.03667577058134998,
          "std_FTR35_in_global_by_15d_False": 0.030042918454935622,
          "range_FTR9_in_global_by_1d_False": 0.04486929379633242,
          "rolling_sumratio2max_FTR43_15d": 0.035115099492781895,
          "rolling_sum2max_FTR30_30d": 0.03160358954350371,
          "rolling_sum2max_FTR33_7d": 0.03862660944206009
        }
      },
      {
        "best_iteration": 94,
        "score_offline": 0.933598,
        "feature_importance_dict": {
          "nunique2mean_ftr51_by_30d": 0.022702702702702703,
          "mean_FTR9_in_global_by_15d_False": 0.024324324324324326,
          "mean_FTR34_in_global_by_1t_False": 0.04864864864864865,
          "lda_mean_vector_by_1d_False_5_1": 0.04216216216216216,
          "mean_FTR29_in_global_by_1d_True": 0.02810810810810811,
          "non_zero_count_FTR33_in_global_by_1d_True": 0.04162162162162162,
          "len_std_count_by_non_zero_group_3d": 0.023783783783783784,
          "max_ratio_FTR47_in_global_by_1t_False": 0.03891891891891892,
          "sum_std_count_by_non_zero_group_3d": 0.0372972972972973,
          "sum_FTR33_in_global_by_1t_False": 0.044864864864864865,
          "max_ratio_FTR32_in_global_by_1t_False": 0.021621621621621623,
          "lda_sum_vector_by_1d_False_5_0": 0.03189189189189189,
          "sum_FTR42_in_global_by_1t_False": 0.023243243243243242,
          "rolling_sum2max_FTR33_45d": 0.03405405405405405,
          "nunique2std_ftr51_by_7d": 0.04378378378378378,
          "max_ratio_FTR43_in_global_by_3d_False": 0.02972972972972973,
          "rolling_sumratio2max_FTR41_45d": 0.04162162162162162,
          "range_FTR36_in_global_by_30d_False": 0.02810810810810811,
          "std_FTR30_in_global_by_7d_True": 0.032972972972972976,
          "max_ratio_FTR43_in_global_by_1t_False": 0.03891891891891892,
          "nunique2std_ftr51_by_30d": 0.02918918918918919,
          "mean_FTR33_in_global_by_7d_False": 0.02216216216216216,
          "range_FTR33_in_global_by_30d_True": 0.036756756756756756,
          "max_ratio_FTR42_in_global_by_1t_False": 0.025945945945945945,
          "sum_FTR41_in_global_by_1t_False": 0.025945945945945945,
          "std_FTR35_in_global_by_15d_False": 0.03405405405405405,
          "range_FTR9_in_global_by_1d_False": 0.04162162162162162,
          "rolling_sumratio2max_FTR43_15d": 0.03891891891891892,
          "rolling_sum2max_FTR30_30d": 0.032972972972972976,
          "rolling_sum2max_FTR33_7d": 0.03405405405405405
        }
      },
      {
        "best_iteration": 286,
        "score_offline": 0.944029,
        "feature_importance_dict": {
          "nunique2mean_ftr51_by_30d": 0.030221788934925664,
          "mean_FTR9_in_global_by_15d_False": 0.024616134535705582,
          "mean_FTR34_in_global_by_1t_False": 0.04825737265415549,
          "lda_mean_vector_by_1d_False_5_1": 0.034608822812576163,
          "mean_FTR29_in_global_by_1d_True": 0.034608822812576163,
          "non_zero_count_FTR33_in_global_by_1d_True": 0.039483304898854495,
          "len_std_count_by_non_zero_group_3d": 0.02680965147453083,
          "max_ratio_FTR47_in_global_by_1t_False": 0.03631489154277358,
          "sum_std_count_by_non_zero_group_3d": 0.03314647818669266,
          "sum_FTR33_in_global_by_1t_False": 0.030221788934925664,
          "max_ratio_FTR32_in_global_by_1t_False": 0.03290275408237875,
          "lda_sum_vector_by_1d_False_5_0": 0.025834755057275165,
          "sum_FTR42_in_global_by_1t_False": 0.02559103095296125,
          "rolling_sum2max_FTR33_45d": 0.03314647818669266,
          "nunique2std_ftr51_by_7d": 0.039483304898854495,
          "max_ratio_FTR43_in_global_by_3d_False": 0.030221788934925664,
          "rolling_sumratio2max_FTR41_45d": 0.04216427004630758,
          "range_FTR36_in_global_by_30d_False": 0.03192785766512308,
          "std_FTR30_in_global_by_7d_True": 0.032171581769437,
          "max_ratio_FTR43_in_global_by_1t_False": 0.035339995125517915,
          "nunique2std_ftr51_by_30d": 0.032171581769437,
          "mean_FTR33_in_global_by_7d_False": 0.021935169388252497,
          "range_FTR33_in_global_by_30d_True": 0.0365586156470875,
          "max_ratio_FTR42_in_global_by_1t_False": 0.0365586156470875,
          "sum_FTR41_in_global_by_1t_False": 0.02827199610041433,
          "std_FTR35_in_global_by_15d_False": 0.0365586156470875,
          "range_FTR9_in_global_by_1d_False": 0.04289544235924933,
          "rolling_sumratio2max_FTR43_15d": 0.03265902997806483,
          "rolling_sum2max_FTR30_30d": 0.030952961247867415,
          "rolling_sum2max_FTR33_7d": 0.034365098708262244
        }
      },
      {
        "best_iteration": 158,
        "score_offline": 0.951064,
        "feature_importance_dict": {
          "nunique2mean_ftr51_by_30d": 0.024492920015308076,
          "mean_FTR9_in_global_by_15d_False": 0.029468044393417527,
          "mean_FTR34_in_global_by_1t_False": 0.044393417527745886,
          "lda_mean_vector_by_1d_False_5_1": 0.0371220818982013,
          "mean_FTR29_in_global_by_1d_True": 0.022579410639112132,
          "non_zero_count_FTR33_in_global_by_1d_True": 0.040949100650593186,
          "len_std_count_by_non_zero_group_3d": 0.024875621890547265,
          "max_ratio_FTR47_in_global_by_1t_False": 0.044393417527745886,
          "sum_std_count_by_non_zero_group_3d": 0.038270187523918864,
          "sum_FTR33_in_global_by_1t_False": 0.029468044393417527,
          "max_ratio_FTR32_in_global_by_1t_False": 0.026789131266743208,
          "lda_sum_vector_by_1d_False_5_0": 0.03750478377344049,
          "sum_FTR42_in_global_by_1t_False": 0.02908534251817834,
          "rolling_sum2max_FTR33_45d": 0.03291236127057023,
          "nunique2std_ftr51_by_7d": 0.040183696900114814,
          "max_ratio_FTR43_in_global_by_3d_False": 0.035208572522005356,
          "rolling_sumratio2max_FTR41_45d": 0.03482587064676617,