{
  "result": {
    "best_iteration": [
      420,
      327,
      303,
      304,
      400
    ],
    "score_offline": [
      0.945204,
      0.938273,
      0.946448,
      0.95277,
      0.936518
    ],
    "score_mean_offline": 0.9438426,
    "score_std_offline": 0.005882349856987432,
    "fold_results": [
      {
        "best_iteration": 420,
        "score_offline": 0.945204,
        "feature_importance_dict": {
          "D7_hua_FTR0_SUM_MAX_s_zhang": 0.025190194420963652,
          "D7_hua_FTR34_SUM_MAX_s_zhang": 0.02147083685545224,
          "ftr51_FTR51_B_CONVERT_NUM_UNIQUE_s_zhang": 0.025021132713440405,
          "iso_forest_score": 0.021639898562975487,
          "lda_mean_vector_by_1d_False_5_1": 0.026373626373626374,
          "lda_std_vector_by_1d_False_5_4": 0.021808960270498733,
          "lda_sum_vector_by_1d_False_5_0": 0.0231614539306847,
          "len_std_count_by_non_zero_group_1d": 0.021132713440405747,
          "len_std_count_by_non_zero_group_3d": 0.02231614539306847,
          "max_ratio_FTR32_in_global_by_1t_False": 0.019949281487743026,
          "max_ratio_FTR42_in_global_by_1t_False": 0.027726120033812342,
          "max_ratio_FTR43_in_global_by_1t_False": 0.022654268808114962,
          "max_ratio_FTR43_in_global_by_3d_False": 0.020118343195266272,
          "max_ratio_FTR47_in_global_by_1t_False": 0.0231614539306847,
          "mean_FTR29_in_global_by_1d_True": 0.024513947590870666,
          "mean_FTR33_in_global_by_7d_False": 0.025866441251056634,
          "mean_FTR34_in_global_by_1t_False": 0.03127641589180051,
          "mean_FTR48_in_global_by_1t_False": 0.02857142857142857,
          "mean_FTR9_in_global_by_15d_False": 0.0209636517328825,
          "new_FTR36_CONVERT_NUM_NO_ZERO_s_zhang": 0.0253592561284869,
          "non_zero_count_FTR33_in_global_by_1d_True": 0.03229078613693998,
          "nunique_ratio2mean_ftr51_by_400d": 0.021808960270498733,
          "range_FTR33_in_global_by_30d_True": 0.022992392223161455,
          "range_FTR36_in_global_by_30d_False": 0.025866441251056634,
          "range_FTR9_in_global_by_1d_False": 0.0338123415046492,
          "raw_FTR30_MAX_s_zhang": 0.02400676246830093,
          "raw_FTR33_SUM_s_zhang": 0.02857142857142857,
          "raw_FTR41_SUM_s_zhang": 0.028740490278951817,
          "raw_FTR42_SUM_s_zhang": 0.02569737954353339,
          "raw_FTR9_MAX_s_zhang": 0.018765849535080304,
          "rolling_sum2max_FTR30_30d": 0.024344885883347423,
          "rolling_sum2max_FTR33_45d": 0.023330515638207944,
          "rolling_sum2max_FTR33_7d": 0.028740490278951817,
          "rolling_sumratio2max_FTR41_45d": 0.03195266272189349,
          "rolling_sumratio2max_FTR43_15d": 0.030431107354184278,
          "std_FTR30_in_global_by_7d_True": 0.02485207100591716,
          "std_FTR35_in_global_by_15d_False": 0.020794590025359255,
          "std_FTR48_in_global_by_15d_False": 0.024513947590870666,
          "sum_std_count_by_non_zero_group_3d": 0.02485207100591716,
          "year_count_max_s_zhang": 0.0253592561284869
        }
      },
      {
        "best_iteration": 327,
        "score_offline": 0.938273,
        "feature_importance_dict": {
          "D7_hua_FTR0_SUM_MAX_s_zhang": 0.021246169560776303,
          "D7_hua_FTR34_SUM_MAX_s_zhang": 0.0296220633299285,
          "ftr51_FTR51_B_CONVERT_NUM_UNIQUE_s_zhang": 0.029213483146067417,
          "iso_forest_score": 0.03207354443309499,
          "lda_mean_vector_by_1d_False_5_1": 0.029213483146067417,
          "lda_std_vector_by_1d_False_5_4": 0.02349336057201226,
          "lda_sum_vector_by_1d_False_5_0": 0.020429009193054137,
          "len_std_count_by_non_zero_group_1d": 0.022267620020429008,
          "len_std_count_by_non_zero_group_3d": 0.020837589376915218,
          "max_ratio_FTR32_in_global_by_1t_False": 0.023289070480081716,
          "max_ratio_FTR42_in_global_by_1t_False": 0.026557711950970377,
          "max_ratio_FTR43_in_global_by_1t_False": 0.02390194075587334,
          "max_ratio_FTR43_in_global_by_3d_False": 0.03125638406537283,
          "max_ratio_FTR47_in_global_by_1t_False": 0.02104187946884576,
          "mean_FTR29_in_global_by_1d_True": 0.023084780388151174,
          "mean_FTR33_in_global_by_7d_False": 0.02390194075587334,
          "mean_FTR34_in_global_by_1t_False": 0.03146067415730337,
          "mean_FTR48_in_global_by_1t_False": 0.022267620020429008,
          "mean_FTR9_in_global_by_15d_False": 0.027170582226762004,
          "new_FTR36_CONVERT_NUM_NO_ZERO_s_zhang": 0.02533197139938713,
          "non_zero_count_FTR33_in_global_by_1d_True": 0.03186925434116445,
          "nunique_ratio2mean_ftr51_by_400d": 0.02390194075587334,
          "range_FTR33_in_global_by_30d_True": 0.025127681307456587,
          "range_FTR36_in_global_by_30d_False": 0.027783452502553627,
          "range_FTR9_in_global_by_1d_False": 0.027374872318692543,
          "raw_FTR30_MAX_s_zhang": 0.018998978549540347,
          "raw_FTR33_SUM_s_zhang": 0.027170582226762004,
          "raw_FTR41_SUM_s_zhang": 0.022267620020429008,
          "raw_FTR42_SUM_s_zhang": 0.021450459652706845,
          "raw_FTR9_MAX_s_zhang": 0.017977528089887642,
          "rolling_sum2max_FTR30_30d": 0.022880490296220635,
          "rolling_sum2max_FTR33_45d": 0.019816138917262513,
          "rolling_sum2max_FTR33_7d": 0.0296220633299285,
          "rolling_sumratio2max_FTR41_45d": 0.03432073544433095,
          "rolling_sumratio2max_FTR43_15d": 0.02819203268641471,
          "std_FTR30_in_global_by_7d_True": 0.023697650663942797,
          "std_FTR35_in_global_by_15d_False": 0.029417773237997956,
          "std_FTR48_in_global_by_15d_False": 0.01634320735444331,
          "sum_std_count_by_non_zero_group_3d": 0.021859039836567926,
          "year_count_max_s_zhang": 0.022267620020429008
        }
      },
      {
        "best_iteration": 303,
        "score_offline": 0.946448,
        "feature_importance_dict": {
          "D7_hua_FTR0_SUM_MAX_s_zhang": 0.024743646901471242,
          "D7_hua_FTR34_SUM_MAX_s_zhang": 0.02518947837717343,
          "ftr51_FTR51_B_CONVERT_NUM_UNIQUE_s_zhang": 0.027418635755684352,
          "iso_forest_score": 0.03009362460989746,
          "lda_mean_vector_by_1d_False_5_1": 0.02630405706642889,
          "lda_std_vector_by_1d_False_5_4": 0.026749888542131076,
          "lda_sum_vector_by_1d_False_5_0": 0.020954079358002677,
          "len_std_count_by_non_zero_group_1d": 0.022960320998662506,
          "len_std_count_by_non_zero_group_3d": 0.020062416406598307,
          "max_ratio_FTR32_in_global_by_1t_False": 0.024074899687917966,
          "max_ratio_FTR42_in_global_by_1t_False": 0.0260811413285778,
          "max_ratio_FTR43_in_global_by_1t_False": 0.0260811413285778,
          "max_ratio_FTR43_in_global_by_3d_False": 0.02251448952296032,
          "max_ratio_FTR47_in_global_by_1t_False": 0.028310298707088722,
          "mean_FTR29_in_global_by_1d_True": 0.022960320998662506,
          "mean_FTR33_in_global_by_7d_False": 0.022068658047258136,
          "mean_FTR34_in_global_by_1t_False": 0.02630405706642889,
          "mean_FTR48_in_global_by_1t_False": 0.019839500668747213,
          "mean_FTR9_in_global_by_15d_False": 0.019839500668747213,
          "new_FTR36_CONVERT_NUM_NO_ZERO_s_zhang": 0.028756130182790905,
          "non_zero_count_FTR33_in_global_by_1d_True": 0.027864467231386535,
          "nunique_ratio2mean_ftr51_by_400d": 0.022737405260811413,
          "range_FTR33_in_global_by_30d_True": 0.0318769505127062,
          "range_FTR36_in_global_by_30d_False": 0.026972804279982165,
          "range_FTR9_in_global_by_1d_False": 0.03410610789121712,
          "raw_FTR30_MAX_s_zhang": 0.022068658047258136,
          "raw_FTR33_SUM_s_zhang": 0.026749888542131076,
          "raw_FTR41_SUM_s_zhang": 0.021845742309407043,
          "raw_FTR42_SUM_s_zhang": 0.01961658493089612,
          "raw_FTR9_MAX_s_zhang": 0.01761034329023629,
          "rolling_sum2max_FTR30_30d": 0.01850200624164066,