{
  "result": {
    "best_iteration": [
      1424,
      3046,
      2194,
      1387,
      2924
    ],
    "score_offline": [
      0.941944,
      0.937171,
      0.948123,
      0.950678,
      0.930827
    ],
    "score_mean_offline": 0.9417486,
    "score_std_offline": 0.007219987662039349,
    "fold_results": [
      {
        "best_iteration": 1424,
        "score_offline": 0.941944,
        "feature_importance_dict": {
          "lda_mean_vector_by_1d_False_5_1": 0.02773413234917967,
          "lda_mean_vector_by_7d_False_5_0": 0.014798845324661088,
          "lda_mean_vector_by_7d_False_5_3": 0.022545401395841706,
          "lda_std_vector_by_1d_False_5_4": 0.028062995578616582,
          "lda_sum_vector_by_1d_False_5_0": 0.029378448496364236,
          "lda_sum_vector_by_1d_False_5_3": 0.02744180947856908,
          "len_std_count_by_non_zero_group_1d": 0.022837724266452298,
          "len_std_count_by_non_zero_group_3d": 0.025212847590163335,
          "max_ratio_FTR32_in_global_by_1t_False": 0.02466474220776848,
          "max_ratio_FTR42_in_global_by_1t_False": 0.027514890196221727,
          "max_ratio_FTR43_in_global_by_1t_False": 0.031607410384769975,
          "max_ratio_FTR43_in_global_by_3d_False": 0.025212847590163335,
          "max_ratio_FTR47_in_global_by_1t_False": 0.03295940366134396,
          "mean_FTR29_in_global_by_1d_True": 0.027514890196221727,
          "mean_FTR33_in_global_by_7d_False": 0.027259107684437463,
          "mean_FTR34_in_global_by_1t_False": 0.040011692914824426,
          "mean_FTR48_in_global_by_1t_False": 0.02853802024335879,
          "mean_FTR9_in_global_by_15d_False": 0.02663792158438996,
          "non_zero_count_FTR33_in_global_by_1d_True": 0.033324807249607194,
          "non_zero_count_FTR38_in_global_by_1d_True": 0.018562502283772427,
          "range_FTR33_in_global_by_30d_True": 0.030182336390543355,
          "range_FTR36_in_global_by_30d_False": 0.02970731172580115,
          "range_FTR9_in_global_by_1d_False": 0.03990207183834545,
          "rolling_sum2max_FTR30_30d": 0.03189973325538057,
          "rolling_sum2max_FTR33_45d": 0.027478349837395402,
          "rolling_sum2max_FTR33_7d": 0.03427485657909161,
          "rolling_sumratio2max_FTR41_45d": 0.03427485657909161,
          "rolling_sumratio2max_FTR43_15d": 0.03537106734388132,
          "std_FTR30_in_global_by_7d_True": 0.02663792158438996,
          "std_FTR35_in_global_by_15d_False": 0.025578251178426572,
          "std_FTR48_in_global_by_15d_False": 0.026674461943216283,
          "sum_FTR33_in_global_by_1t_False": 0.02397047539006833,
          "sum_FTR41_in_global_by_1t_False": 0.03544414806153397,
          "sum_FTR42_in_global_by_1t_False": 0.026382139072605695,
          "sum_std_count_by_non_zero_group_3d": 0.030401578543501298
        }
      },
      {
        "best_iteration": 3046,
        "score_offline": 0.937171,
        "feature_importance_dict": {
          "lda_mean_vector_by_1d_False_5_1": 0.02632994170413234,
          "lda_mean_vector_by_7d_False_5_0": 0.019876524619786177,
          "lda_mean_vector_by_7d_False_5_3": 0.02318927872308387,
          "lda_std_vector_by_1d_False_5_4": 0.028567126293372342,
          "lda_sum_vector_by_1d_False_5_0": 0.030094435003334266,
          "lda_sum_vector_by_1d_False_5_3": 0.0258351797276658,
          "len_std_count_by_non_zero_group_1d": 0.02278056230774195,
          "len_std_count_by_non_zero_group_3d": 0.023361369845333105,
          "max_ratio_FTR32_in_global_by_1t_False": 0.02983629831996042,
          "max_ratio_FTR42_in_global_by_1t_False": 0.02996536666164734,
          "max_ratio_FTR43_in_global_by_1t_False": 0.030976402004861573,
          "max_ratio_FTR43_in_global_by_3d_False": 0.030137457783896572,
          "max_ratio_FTR47_in_global_by_1t_False": 0.03061070837008196,
          "mean_FTR29_in_global_by_1d_True": 0.02762062512100157,
          "mean_FTR33_in_global_by_7d_False": 0.025404951922042722,
          "mean_FTR34_in_global_by_1t_False": 0.04278615526921505,
          "mean_FTR48_in_global_by_1t_False": 0.028653171854496957,
          "mean_FTR9_in_global_by_15d_False": 0.02800783014606234,
          "non_zero_count_FTR33_in_global_by_1d_True": 0.03039559446727042,
          "non_zero_count_FTR38_in_global_by_1d_True": 0.019467808204444253,
          "range_FTR33_in_global_by_30d_True": 0.030309548906145803,
          "range_FTR36_in_global_by_30d_False": 0.02949211607546196,
          "range_FTR9_in_global_by_1d_False": 0.03480542947490696,
          "rolling_sum2max_FTR30_30d": 0.02906188826983888,
          "rolling_sum2max_FTR33_45d": 0.0269537720222858,
          "rolling_sum2max_FTR33_7d": 0.035644373695871964,
          "rolling_sumratio2max_FTR41_45d": 0.03684901155161658,
          "rolling_sumratio2max_FTR43_15d": 0.03478391808462581,
          "std_FTR30_in_global_by_7d_True": 0.030201991954740035,
          "std_FTR35_in_global_by_15d_False": 0.03301998408157119,
          "std_FTR48_in_global_by_15d_False": 0.023253812893927334,
          "sum_FTR33_in_global_by_1t_False": 0.025921225288790414,
          "sum_FTR41_in_global_by_1t_False": 0.023662529309269258,
          "sum_FTR42_in_global_by_1t_False": 0.024028222944048872,
          "sum_std_count_by_non_zero_group_3d": 0.02811538709746811
        }
      },
      {
        "best_iteration": 2194,
        "score_offline": 0.948123,
        "feature_importance_dict": {
          "lda_mean_vector_by_1d_False_5_1": 0.026597505794062466,
          "lda_mean_vector_by_7d_False_5_0": 0.017989184416731044,
          "lda_mean_vector_by_7d_False_5_3": 0.024997240922635472,
          "lda_std_vector_by_1d_False_5_4": 0.030405032557112903,
          "lda_sum_vector_by_1d_False_5_0": 0.02830813376007063,
          "lda_sum_vector_by_1d_False_5_3": 0.0292186292903653,
          "len_std_count_by_non_zero_group_1d": 0.024114336165986093,
          "len_std_count_by_non_zero_group_3d": 0.026018099547511313,
          "max_ratio_FTR32_in_global_by_1t_False": 0.03335724533715925,
          "max_ratio_FTR42_in_global_by_1t_False": 0.031067211124599935,
          "max_ratio_FTR43_in_global_by_1t_False": 0.03288820218518927,
          "max_ratio_FTR43_in_global_by_3d_False": 0.025493874848250744,
          "max_ratio_FTR47_in_global_by_1t_False": 0.032639885222381634,
          "mean_FTR29_in_global_by_1d_True": 0.030156715594305265,
          "mean_FTR33_in_global_by_7d_False": 0.027176912040613618,
          "mean_FTR34_in_global_by_1t_False": 0.038765036971636684,
          "mean_FTR48_in_global_by_1t_False": 0.026349188831254828,
          "mean_FTR9_in_global_by_15d_False": 0.024114336165986093,
          "non_zero_count_FTR33_in_global_by_1d_True": 0.03206047897583048,
          "non_zero_count_FTR38_in_global_by_1d_True": 0.018844498399735128,
          "range_FTR33_in_global_by_30d_True": 0.030818894161792298,
          "range_FTR36_in_global_by_30d_False": 0.028584041496523563,
          "range_FTR9_in_global_by_1d_False": 0.041055071184196004,
          "rolling_sum2max_FTR30_30d": 0.026680278114998346,
          "rolling_sum2max_FTR33_45d": 0.025935327226575433,
          "rolling_sum2max_FTR33_7d": 0.034267740867453926,
          "rolling_sumratio2max_FTR41_45d": 0.03252952212780046,
          "rolling_sumratio2max_FTR43_15d": 0.03424015009380863,
          "std_FTR30_in_global_by_7d_True": 0.028777176912040615,
          "std_FTR35_in_global_by_15d_False": 0.02800463524997241,
          "std_FTR48_in_global_by_15d_False": 0.02378324688224258,
          "sum_FTR33_in_global_by_1t_False": 0.02472133318618254,
          "sum_FTR41_in_global_by_1t_False": 0.027314865908840084,
          "sum_FTR42_in_global_by_1t_False": 0.0225140712945591,
          "sum_std_count_by_non_zero_group_3d": 0.03021189714159585
        }
      },
      {
        "best_iteration": 1387,
        "score_offline": 0.950678,