{
  "result": {
    "best_iteration": [
      2179,
      1966,
      2003,
      1161,
      1652
    ],
    "score_offline": [
      0.94324,
      0.937689,
      0.946708,
      0.950977,
      0.935939
    ],
    "score_mean_offline": 0.9429106,
    "score_std_offline": 0.005576089547344086,
    "fold_results": [
      {
        "best_iteration": 2179,
        "score_offline": 0.94324,
        "feature_importance_dict": {
          "D7_hua_FTR0_SUM_MAX_s_zhang": 0.02688564832403051,
          "D7_hua_FTR34_SUM_MAX_s_zhang": 0.018849177357608347,
          "ftr51_FTR51_B_CONVERT_NUM_UNIQUE_s_zhang": 0.020719483327975685,
          "lda_mean_vector_by_1d_False_5_1": 0.019492095034922118,
          "lda_std_vector_by_1d_False_5_4": 0.020953271574271605,
          "lda_sum_B_vector_by_1d_5_0_ratio": 0.017446447879832842,
          "lda_sum_B_vector_by_1d_5_1_ratio": 0.01768023612612876,
          "lda_sum_B_vector_by_1d_5_2_ratio": 0.01768023612612876,
          "lda_sum_B_vector_by_1d_5_3_ratio": 0.015576141909465501,
          "lda_sum_B_vector_by_1d_5_4_ratio": 0.0138811771238201,
          "lda_sum_vector_by_1d_False_5_0": 0.021625412782372365,
          "len_std_count_by_non_zero_group_1d": 0.021450071597650427,
          "len_std_count_by_non_zero_group_3d": 0.020251906835383852,
          "max_ratio_FTR32_in_global_by_1t_False": 0.0195505420964961,
          "max_ratio_FTR42_in_global_by_1t_False": 0.025892048277272862,
          "max_ratio_FTR43_in_global_by_1t_False": 0.024460095268710364,
          "max_ratio_FTR43_in_global_by_3d_False": 0.020748706858762674,
          "max_ratio_FTR47_in_global_by_1t_False": 0.024635436453432302,
          "mean_FTR29_in_global_by_1d_True": 0.025366024723107047,
          "mean_FTR33_in_global_by_7d_False": 0.02501534235366317,
          "mean_FTR34_in_global_by_1t_False": 0.03129840147286595,
          "mean_FTR48_in_global_by_1t_False": 0.024606212922645313,
          "mean_FTR9_in_global_by_15d_False": 0.021450071597650427,
          "new_FTR36_CONVERT_NUM_NO_ZERO_s_zhang": 0.02431397761477542,
          "non_zero_count_FTR33_in_global_by_1d_True": 0.028989742540693766,
          "nunique_ratio2mean_ftr51_by_400d": 0.019784330342792016,
          "range_FTR33_in_global_by_30d_True": 0.024372424676349397,
          "range_FTR36_in_global_by_30d_False": 0.02220988339811216,
          "range_FTR9_in_global_by_1d_False": 0.032671907419854464,
          "raw_FTR30_MAX_s_zhang": 0.02223910692889915,
          "raw_FTR33_SUM_s_zhang": 0.01768023612612876,
          "raw_FTR41_SUM_s_zhang": 0.02659341301616061,
          "raw_FTR42_SUM_s_zhang": 0.021596189251585376,
          "raw_FTR9_MAX_s_zhang": 0.01768023612612876,
          "rolling_sum2max_FTR30_30d": 0.024752330576580262,
          "rolling_sum2max_FTR33_45d": 0.019521318565709107,
          "rolling_sum2max_FTR33_7d": 0.03167830737309682,
          "rolling_sumratio2max_FTR41_45d": 0.03042169554925626,
          "rolling_sumratio2max_FTR43_15d": 0.027353224816622345,
          "std_FTR30_in_global_by_7d_True": 0.020894824512697623,
          "std_FTR35_in_global_by_15d_False": 0.022969695198573892,
          "std_FTR48_in_global_by_15d_False": 0.021771530436307314,
          "sum_std_count_by_non_zero_group_3d": 0.024372424676349397,
          "year_count_max_s_zhang": 0.022619012829130015
        }
      },
      {
        "best_iteration": 1966,
        "score_offline": 0.937689,
        "feature_importance_dict": {
          "D7_hua_FTR0_SUM_MAX_s_zhang": 0.024816003019437628,
          "D7_hua_FTR34_SUM_MAX_s_zhang": 0.023023211926778638,
          "ftr51_FTR51_B_CONVERT_NUM_UNIQUE_s_zhang": 0.024344215889790525,
          "lda_mean_vector_by_1d_False_5_1": 0.024344215889790525,
          "lda_std_vector_by_1d_False_5_4": 0.02135623073535887,
          "lda_sum_B_vector_by_1d_5_0_ratio": 0.019500534692080268,
          "lda_sum_B_vector_by_1d_5_1_ratio": 0.020035226772346985,
          "lda_sum_B_vector_by_1d_5_2_ratio": 0.017110146568534945,
          "lda_sum_B_vector_by_1d_5_3_ratio": 0.017770648550040888,
          "lda_sum_B_vector_by_1d_5_4_ratio": 0.013901994086934641,
          "lda_sum_vector_by_1d_False_5_0": 0.02135623073535887,
          "len_std_count_by_non_zero_group_1d": 0.017581933698182048,
          "len_std_count_by_non_zero_group_3d": 0.018399698056237025,
          "max_ratio_FTR32_in_global_by_1t_False": 0.020821538655092155,
          "max_ratio_FTR42_in_global_by_1t_False": 0.025916839655280872,
          "max_ratio_FTR43_in_global_by_1t_False": 0.025256337673774925,
          "max_ratio_FTR43_in_global_by_3d_False": 0.02459583569226898,
          "max_ratio_FTR47_in_global_by_1t_False": 0.024249858463861105,
          "mean_FTR29_in_global_by_1d_True": 0.02368371390828458,
          "mean_FTR33_in_global_by_7d_False": 0.02336918915518651,
          "mean_FTR34_in_global_by_1t_False": 0.0324589545197207,
          "mean_FTR48_in_global_by_1t_False": 0.022960306976159025,
          "mean_FTR9_in_global_by_15d_False": 0.02343209410580613,
          "new_FTR36_CONVERT_NUM_NO_ZERO_s_zhang": 0.02248851984651192,
          "non_zero_count_FTR33_in_global_by_1d_True": 0.030100018871485185,
          "nunique_ratio2mean_ftr51_by_400d": 0.017707743599421275,
          "range_FTR33_in_global_by_30d_True": 0.025067622821916085,
          "range_FTR36_in_global_by_30d_False": 0.02500471787129647,
          "range_FTR9_in_global_by_1d_False": 0.02837013272944581,
          "raw_FTR30_MAX_s_zhang": 0.016575454488268228,
          "raw_FTR33_SUM_s_zhang": 0.02340064163049632,
          "raw_FTR41_SUM_s_zhang": 0.018997295087123358,
          "raw_FTR42_SUM_s_zhang": 0.019940869346417565,
          "raw_FTR9_MAX_s_zhang": 0.016072214883311318,
          "rolling_sum2max_FTR30_30d": 0.022205447568723658,
          "rolling_sum2max_FTR33_45d": 0.021607850537837328,
          "rolling_sum2max_FTR33_7d": 0.027678178272630055,
          "rolling_sumratio2max_FTR41_45d": 0.03258476442095993,
          "rolling_sumratio2max_FTR43_15d": 0.029408064414669435,
          "std_FTR30_in_global_by_7d_True": 0.022803044599609988,
          "std_FTR35_in_global_by_15d_False": 0.026986223815814305,
          "std_FTR48_in_global_by_15d_False": 0.0178335535006605,
          "sum_std_count_by_non_zero_group_3d": 0.023149021828017865,
          "year_count_max_s_zhang": 0.021733660439076555
        }
      },
      {
        "best_iteration": 2003,
        "score_offline": 0.946708,
        "feature_importance_dict": {
          "D7_hua_FTR0_SUM_MAX_s_zhang": 0.027250390886754523,
          "D7_hua_FTR34_SUM_MAX_s_zhang": 0.02217684035865854,
          "ftr51_FTR51_B_CONVERT_NUM_UNIQUE_s_zhang": 0.02268738632374996,
          "lda_mean_vector_by_1d_False_5_1": 0.0211557484284757,
          "lda_std_vector_by_1d_False_5_4": 0.020964293691566417,
          "lda_sum_B_vector_by_1d_5_0_ratio": 0.018539200357382175,
          "lda_sum_B_vector_by_1d_5_1_ratio": 0.019049746322473596,
          "lda_sum_B_vector_by_1d_5_2_ratio": 0.01831583649765468,
          "lda_sum_B_vector_by_1d_5_3_ratio": 0.01770956316410862,
          "lda_sum_B_vector_by_1d_5_4_ratio": 0.013912377548741185,
          "lda_sum_vector_by_1d_False_5_0": 0.019145473690928238,
          "len_std_count_by_non_zero_group_1d": 0.019464564919110375,
          "len_std_count_by_non_zero_group_3d": 0.021889658253294617,
          "max_ratio_FTR32_in_global_by_1t_False": 0.024793388429752067,
          "max_ratio_FTR42_in_global_by_1t_False": 0.026899390535754172,
          "max_ratio_FTR43_in_global_by_1t_False": 0.024601933692842783,
          "max_ratio_FTR43_in_global_by_3d_False": 0.020007020007020006,
          "max_ratio_FTR47_in_global_by_1t_False": 0.029547847729665913,
          "mean_FTR29_in_global_by_1d_True": 0.025399661763298127,
          "mean_FTR33_in_global_by_7d_False": 0.021028111937202845,
          "mean_FTR34_in_global_by_1t_False": 0.031398576853122306,