{
  "result": {
    "best_iteration": [
      1134,
      2214,
      2128,
      1541,
      2159
    ],
    "score_offline": [
      0.941926,
      0.942555,
      0.948282,
      0.954844,
      0.938998
    ],
    "score_mean_offline": 0.9453210000000001,
    "score_std_offline": 0.005632267039123764,
    "fold_results": [
      {
        "best_iteration": 1134,
        "score_offline": 0.941926,
        "feature_importance_dict": {
          "D7_hua_FTR0_SUM_MAX_s_zhang": 0.02504399620955733,
          "D7_hua_FTR34_SUM_MAX_s_zhang": 0.017508235187942783,
          "ftr51_FTR51_B_CONVERT_NUM_UNIQUE_s_zhang": 0.012454311628536618,
          "lda_mean_vector_by_1d_False_5_1": 0.017824105410405668,
          "lda_std_vector_by_1d_False_5_4": 0.016380127250575336,
          "lda_sum_B_vector_by_1d_5_0_tfidf": 0.01308605207346239,
          "lda_sum_B_vector_by_1d_5_1_tfidf": 0.023284147827264113,
          "lda_sum_B_vector_by_1d_5_2_tfidf": 0.022020666937412572,
          "lda_sum_B_vector_by_1d_5_3_tfidf": 0.017282613600469295,
          "lda_sum_B_vector_by_1d_5_4_tfidf": 0.02481837462208384,
          "lda_sum_vector_by_1d_False_5_0": 0.02080231036505573,
          "len_std_count_by_non_zero_group_1d": 0.021795045349939084,
          "len_std_count_by_non_zero_group_3d": 0.020396191507603446,
          "max_ratio_FTR32_in_global_by_1t_False": 0.020486440142592842,
          "max_ratio_FTR42_in_global_by_1t_False": 0.024728125987094444,
          "max_ratio_FTR43_in_global_by_1t_False": 0.025585488019493705,
          "max_ratio_FTR43_in_global_by_3d_False": 0.020937683317539823,
          "max_ratio_FTR47_in_global_by_1t_False": 0.025946482559451287,
          "mean_FTR29_in_global_by_1d_True": 0.025585488019493705,
          "mean_FTR33_in_global_by_7d_False": 0.026713595956861153,
          "mean_FTR34_in_global_by_1t_False": 0.031000406118857453,
          "mean_FTR48_in_global_by_1t_False": 0.02247191011235955,
          "mean_FTR9_in_global_by_15d_False": 0.0235548937322323,
          "new_FTR36_CONVERT_NUM_NO_ZERO_s_zhang": 0.023825639637200486,
          "non_zero_count_FTR33_in_global_by_1d_True": 0.030774784531383964,
          "nunique_ratio2mean_ftr51_by_400d": 0.018049726997879156,
          "range_FTR33_in_global_by_30d_True": 0.0257208609719778,
          "range_FTR36_in_global_by_30d_False": 0.023870763954695184,
          "range_FTR9_in_global_by_1d_False": 0.0320382654212355,
          "raw_FTR30_MAX_s_zhang": 0.019583953792698887,
          "raw_FTR33_SUM_s_zhang": 0.02247191011235955,
          "raw_FTR41_SUM_s_zhang": 0.028608817291638465,
          "raw_FTR42_SUM_s_zhang": 0.020757186047561032,
          "raw_FTR9_MAX_s_zhang": 0.01195794413609494,
          "rolling_sum2max_FTR30_30d": 0.02590135824195659,
          "rolling_sum2max_FTR33_45d": 0.02229141284238076,
          "rolling_sum2max_FTR33_7d": 0.02887956319660665,
          "rolling_sumratio2max_FTR41_45d": 0.029014936149090745,
          "rolling_sumratio2max_FTR43_15d": 0.027300212084292227,
          "std_FTR30_in_global_by_7d_True": 0.019403456522720092,
          "std_FTR35_in_global_by_15d_False": 0.019268083570236,
          "std_FTR48_in_global_by_15d_False": 0.02265240738233834,
          "sum_std_count_by_non_zero_group_3d": 0.02675872027435585,
          "year_count_max_s_zhang": 0.02116330490501331
        }
      },
      {
        "best_iteration": 2214,
        "score_offline": 0.942555,
        "feature_importance_dict": {
          "D7_hua_FTR0_SUM_MAX_s_zhang": 0.023824068417837508,
          "D7_hua_FTR34_SUM_MAX_s_zhang": 0.023911336067719696,
          "ftr51_FTR51_B_CONVERT_NUM_UNIQUE_s_zhang": 0.018937080024434942,
          "lda_mean_vector_by_1d_False_5_1": 0.023678622334700528,
          "lda_std_vector_by_1d_False_5_4": 0.01931523984059109,
          "lda_sum_B_vector_by_1d_5_0_tfidf": 0.017133548593536375,
          "lda_sum_B_vector_by_1d_5_1_tfidf": 0.02434767431713064,
          "lda_sum_B_vector_by_1d_5_2_tfidf": 0.020071559472903396,
          "lda_sum_B_vector_by_1d_5_3_tfidf": 0.018151671175495245,
          "lda_sum_B_vector_by_1d_5_4_tfidf": 0.022311429153212905,
          "lda_sum_vector_by_1d_False_5_0": 0.02027518398929517,
          "len_std_count_by_non_zero_group_1d": 0.01887890159118015,
          "len_std_count_by_non_zero_group_3d": 0.017657154492829508,
          "max_ratio_FTR32_in_global_by_1t_False": 0.022544142886232073,
          "max_ratio_FTR42_in_global_by_1t_False": 0.025598510632108676,
          "max_ratio_FTR43_in_global_by_1t_False": 0.02289321348576083,
          "max_ratio_FTR43_in_global_by_3d_False": 0.02635483026442098,
          "max_ratio_FTR47_in_global_by_1t_False": 0.025074904732815546,
          "mean_FTR29_in_global_by_1d_True": 0.023998603717601884,
          "mean_FTR33_in_global_by_7d_False": 0.02411496058411147,
          "mean_FTR34_in_global_by_1t_False": 0.03292899322221252,
          "mean_FTR48_in_global_by_1t_False": 0.022049626203566337,
          "mean_FTR9_in_global_by_15d_False": 0.02312592721878,
          "new_FTR36_CONVERT_NUM_NO_ZERO_s_zhang": 0.020856968321843094,
          "non_zero_count_FTR33_in_global_by_1d_True": 0.02798382639555517,
          "nunique_ratio2mean_ftr51_by_400d": 0.017453529976437735,
          "range_FTR33_in_global_by_30d_True": 0.025016726299560754,
          "range_FTR36_in_global_by_30d_False": 0.023445908601681355,
          "range_FTR9_in_global_by_1d_False": 0.02897285976088664,
          "raw_FTR30_MAX_s_zhang": 0.0184716525583966,
          "raw_FTR33_SUM_s_zhang": 0.022224161503330717,
          "raw_FTR41_SUM_s_zhang": 0.018762544724670566,
          "raw_FTR42_SUM_s_zhang": 0.018849812374552754,
          "raw_FTR9_MAX_s_zhang": 0.01602815836169532,
          "rolling_sum2max_FTR30_30d": 0.021787823253919772,
          "rolling_sum2max_FTR33_45d": 0.02271867818599645,
          "rolling_sum2max_FTR33_7d": 0.028943770544259242,
          "rolling_sumratio2max_FTR41_45d": 0.0323472088896646,
          "rolling_sumratio2max_FTR43_15d": 0.029234662710533207,
          "std_FTR30_in_global_by_7d_True": 0.02332955173517177,
          "std_FTR35_in_global_by_15d_False": 0.025860313581755244,
          "std_FTR48_in_global_by_15d_False": 0.017075370160281583,
          "sum_std_count_by_non_zero_group_3d": 0.02332955173517177,
          "year_count_max_s_zhang": 0.02012973790615819
        }
      },
      {
        "best_iteration": 2128,
        "score_offline": 0.948282,
        "feature_importance_dict": {
          "D7_hua_FTR0_SUM_MAX_s_zhang": 0.026734082170214054,
          "D7_hua_FTR34_SUM_MAX_s_zhang": 0.023403675557843107,
          "ftr51_FTR51_B_CONVERT_NUM_UNIQUE_s_zhang": 0.015864846044385237,
          "lda_mean_vector_by_1d_False_5_1": 0.019286081928002664,
          "lda_std_vector_by_1d_False_5_4": 0.01913469980925853,
          "lda_sum_B_vector_by_1d_5_0_tfidf": 0.019921886826728026,
          "lda_sum_B_vector_by_1d_5_1_tfidf": 0.01922552908050501,
          "lda_sum_B_vector_by_1d_5_2_tfidf": 0.01922552908050501,
          "lda_sum_B_vector_by_1d_5_3_tfidf": 0.022798147082866572,
          "lda_sum_B_vector_by_1d_5_4_tfidf": 0.024917496745284446,
          "lda_sum_vector_by_1d_False_5_0": 0.018650277029277303,
          "len_std_count_by_non_zero_group_1d": 0.01877138272427261,
          "len_std_count_by_non_zero_group_3d": 0.02037603318296043,
          "max_ratio_FTR32_in_global_by_1t_False": 0.02658270005146992,
          "max_ratio_FTR42_in_global_by_1t_False": 0.028157074086408912,
          "max_ratio_FTR43_in_global_by_1t_False": 0.02346422840534076,
          "max_ratio_FTR43_in_global_by_3d_False": 0.020799903115444003,
          "max_ratio_FTR47_in_global_by_1t_False": 0.02770292773017651,
          "mean_FTR29_in_global_by_1d_True": 0.024493626812800873,
          "mean_FTR33_in_global_by_7d_False": 0.022101789336643557,
          "mean_FTR34_in_global_by_1t_False": 0.03185079778376578,