{
  "result": {
    "best_iteration": [
      2581,
      1780,
      1853,
      2648,
      2879
    ],
    "score_offline": [
      0.942695,
      0.936527,
      0.943963,
      0.950014,
      0.929092
    ],
    "score_mean_offline": 0.9404581999999999,
    "score_std_offline": 0.007116811741222323,
    "fold_results": [
      {
        "best_iteration": 2581,
        "score_offline": 0.942695,
        "feature_importance_dict": {
          "sum_FTR33_in_global_by_1t_False": 0.024823751365306325,
          "std_FTR48_in_global_by_15d_False": 0.03373547810545129,
          "rolling_sum2max_FTR33_45d": 0.027405421507298182,
          "range_FTR9_in_global_by_1d_False": 0.04284579485651872,
          "range_FTR33_in_global_by_30d_True": 0.032022639261245156,
          "range_FTR36_in_global_by_30d_False": 0.02978850163836759,
          "rolling_sum2max_FTR33_7d": 0.03892364214080032,
          "mean_FTR33_in_global_by_7d_False": 0.02822460530235329,
          "max_ratio_FTR43_in_global_by_3d_False": 0.029962267897924735,
          "sum_FTR42_in_global_by_1t_False": 0.029763677887002283,
          "max_ratio_FTR42_in_global_by_1t_False": 0.032146758018071694,
          "non_zero_count_FTR33_in_global_by_1d_True": 0.03959388342766359,
          "std_FTR35_in_global_by_15d_False": 0.032270876774898226,
          "lda_sum_vector_by_1d_False_20_19": 0.036714328269288055,
          "rolling_sum2max_FTR30_30d": 0.03686327077747989,
          "mean_FTR34_in_global_by_1t_False": 0.04532816999304935,
          "mean_FTR9_in_global_by_15d_False": 0.027206831496375733,
          "max_ratio_FTR32_in_global_by_1t_False": 0.03167510674213087,
          "lda_max_vector_by_1d_False_20_18": 0.031104160460728825,
          "sum_std_count_by_non_zero_group_3d": 0.03485254691689008,
          "sum_FTR41_in_global_by_1t_False": 0.03165028299076556,
          "rolling_sumratio2max_FTR43_15d": 0.03894846589216562,
          "mean_FTR29_in_global_by_1d_True": 0.02931685036242677,
          "mean_FTR48_in_global_by_1t_False": 0.03527455069010029,
          "std_FTR30_in_global_by_7d_True": 0.03373547810545129,
          "rolling_sumratio2max_FTR41_45d": 0.03763280706980439,
          "max_ratio_FTR47_in_global_by_1t_False": 0.0360937344851554,
          "max_ratio_FTR43_in_global_by_1t_False": 0.034207129381392115,
          "lda_sum_vector_by_1d_False_20_3": 0.05788898818389435
        }
      },
      {
        "best_iteration": 1780,
        "score_offline": 0.936527,
        "feature_importance_dict": {
          "sum_FTR33_in_global_by_1t_False": 0.029152368429492318,
          "std_FTR48_in_global_by_15d_False": 0.02610564125589301,
          "rolling_sum2max_FTR33_45d": 0.030210705237163658,
          "range_FTR9_in_global_by_1d_False": 0.037330425579679936,
          "range_FTR33_in_global_by_30d_True": 0.03537410602610564,
          "range_FTR36_in_global_by_30d_False": 0.030563484173054104,
          "rolling_sum2max_FTR33_7d": 0.03412334434431224,
          "mean_FTR33_in_global_by_7d_False": 0.030018280363041595,
          "max_ratio_FTR43_in_global_by_3d_False": 0.03518168115198358,
          "sum_FTR42_in_global_by_1t_False": 0.026201853692954042,
          "max_ratio_FTR42_in_global_by_1t_False": 0.02934479330361438,
          "non_zero_count_FTR33_in_global_by_1d_True": 0.04111478143741381,
          "std_FTR35_in_global_by_15d_False": 0.033481928097238704,
          "lda_sum_vector_by_1d_False_20_19": 0.03915846188383952,
          "rolling_sum2max_FTR30_30d": 0.02976171386421218,
          "mean_FTR34_in_global_by_1t_False": 0.043039030178634426,
          "mean_FTR9_in_global_by_15d_False": 0.0338988486578365,
          "max_ratio_FTR32_in_global_by_1t_False": 0.03261601616368943,
          "lda_max_vector_by_1d_False_20_18": 0.03316121997370194,
          "sum_std_count_by_non_zero_group_3d": 0.03527789358904461,
          "sum_FTR41_in_global_by_1t_False": 0.025175587697636382,
          "rolling_sumratio2max_FTR43_15d": 0.03688143420672846,
          "mean_FTR29_in_global_by_1d_True": 0.03219909560309163,
          "mean_FTR48_in_global_by_1t_False": 0.031044546358359258,
          "std_FTR30_in_global_by_7d_True": 0.03466854815432475,
          "rolling_sumratio2max_FTR41_45d": 0.04143548956095058,
          "max_ratio_FTR47_in_global_by_1t_False": 0.03351399890959238,
          "max_ratio_FTR43_in_global_by_1t_False": 0.038228408325582885,
          "lda_sum_vector_by_1d_False_20_3": 0.06173631378082807
        }
      },
      {
        "best_iteration": 1853,
        "score_offline": 0.943963,
        "feature_importance_dict": {
          "sum_FTR33_in_global_by_1t_False": 0.027402011793270897,
          "std_FTR48_in_global_by_15d_False": 0.027465077413048277,
          "rolling_sum2max_FTR33_45d": 0.030397628732696372,
          "range_FTR9_in_global_by_1d_False": 0.045344180619935046,
          "range_FTR33_in_global_by_30d_True": 0.035947403273105666,
          "range_FTR36_in_global_by_30d_False": 0.029735439725033896,
          "rolling_sum2max_FTR33_7d": 0.03815469996531391,
          "mean_FTR33_in_global_by_7d_False": 0.027244347743827453,
          "max_ratio_FTR43_in_global_by_3d_False": 0.02860025856904109,
          "sum_FTR42_in_global_by_1t_False": 0.025163182291173966,
          "max_ratio_FTR42_in_global_by_1t_False": 0.034086967489673006,
          "non_zero_count_FTR33_in_global_by_1d_True": 0.042285498060732195,
          "std_FTR35_in_global_by_15d_False": 0.03635732980165863,
          "lda_sum_vector_by_1d_False_20_19": 0.04206476839151137,
          "rolling_sum2max_FTR30_30d": 0.02964084129536783,
          "mean_FTR34_in_global_by_1t_False": 0.040393529467410844,
          "mean_FTR9_in_global_by_15d_False": 0.02819033204048813,
          "max_ratio_FTR32_in_global_by_1t_False": 0.035569009554441394,
          "lda_max_vector_by_1d_False_20_18": 0.03225806451612903,
          "sum_std_count_by_non_zero_group_3d": 0.0358528048434396,
          "sum_FTR41_in_global_by_1t_False": 0.030271497493141612,
          "rolling_sumratio2max_FTR43_15d": 0.03537981269510926,
          "mean_FTR29_in_global_by_1d_True": 0.03329864724245578,
          "mean_FTR48_in_global_by_1t_False": 0.028347996089931573,
          "std_FTR30_in_global_by_7d_True": 0.0311859489799136,
          "rolling_sumratio2max_FTR41_45d": 0.03777630624664964,
          "max_ratio_FTR47_in_global_by_1t_False": 0.03837542963453473,
          "max_ratio_FTR43_in_global_by_1t_False": 0.03739791252798537,
          "lda_sum_vector_by_1d_False_20_3": 0.05581307350297985
        }
      },
      {
        "best_iteration": 2648,
        "score_offline": 0.950014,
        "feature_importance_dict": {
          "sum_FTR33_in_global_by_1t_False": 0.02641722520930004,
          "std_FTR48_in_global_by_15d_False": 0.02995261594363016,
          "rolling_sum2max_FTR33_45d": 0.027129213621074857,
          "range_FTR9_in_global_by_1d_False": 0.04436424345093418,
          "range_FTR33_in_global_by_30d_True": 0.028037612629201344,
          "range_FTR36_in_global_by_30d_False": 0.032849672239817336,
          "rolling_sum2max_FTR33_7d": 0.0375635265522575,
          "mean_FTR33_in_global_by_7d_False": 0.02506690235938229,
          "max_ratio_FTR43_in_global_by_3d_False": 0.03584493383418035,
          "sum_FTR42_in_global_by_1t_False": 0.031204733495372075,
          "max_ratio_FTR42_in_global_by_1t_False": 0.02882325501460804,
          "non_zero_count_FTR33_in_global_by_1d_True": 0.03942942721759839,
          "std_FTR35_in_global_by_15d_False": 0.03370896859885591,
          "lda_sum_vector_by_1d_False_20_19": 0.03741621860499374,
          "rolling_sum2max_FTR30_30d": 0.03567307456237264,
          "mean_FTR34_in_global_by_1t_False": 0.04352949841643957,
          "mean_FTR9_in_global_by_15d_False": 0.029977167268174117,
          "max_ratio_FTR32_in_global_by_1t_False": 0.03307063416071297,
          "lda_max_vector_by_1d_False_20_18": 0.03594313913235619,