{
  "result": {
    "best_iteration": [
      97,
      114,
      214,
      129,
      143
    ],
    "score_offline": [
      0.94282,
      0.936167,
      0.949065,
      0.950299,
      0.935875
    ],
    "score_mean_offline": 0.9428452,
    "score_std_offline": 0.006122543994125333,
    "fold_results": [
      {
        "best_iteration": 97,
        "score_offline": 0.94282,
        "feature_importance_dict": {
          "max_ratio_FTR47_in_global_by_1t_False": 0.023453093812375248,
          "rolling_sum2max_FTR33_7d": 0.02844311377245509,
          "max_ratio_FTR43_in_global_by_3d_False": 0.018962075848303395,
          "diff_mean_FTR5_in_global_by_7d_False": 0.014471057884231538,
          "non_zero_count_FTR33_in_global_by_1d_True": 0.03493013972055888,
          "mean_FTR48_in_global_by_1t_False": 0.02245508982035928,
          "std_FTR48_in_global_by_15d_False": 0.027445109780439122,
          "raw_FTR9_MAX_s_zhang": 0.015469061876247504,
          "range_FTR9_in_global_by_1d_False": 0.03293413173652695,
          "new_FTR36_CONVERT_NUM_NO_ZERO_s_zhang": 0.03093812375249501,
          "std_FTR30_in_global_by_7d_True": 0.018463073852295408,
          "max_ratio_FTR32_in_global_by_1t_False": 0.020459081836327345,
          "diff_var_FTR8_in_global_by_7d_False": 0.011477045908183632,
          "sum_std_count_by_non_zero_group_3d": 0.023453093812375248,
          "rolling_sumratio2max_FTR41_45d": 0.03293413173652695,
          "ftr51_FTR51_B_CONVERT_NUM_UNIQUE_s_zhang": 0.03093812375249501,
          "len_std_count_by_non_zero_group_1d": 0.022954091816367265,
          "mean_FTR34_in_global_by_1t_False": 0.02694610778443114,
          "raw_FTR33_SUM_s_zhang": 0.025449101796407185,
          "diff_mean_FTR36_in_global_by_7d_False": 0.019461077844311378,
          "max_ratio_FTR43_in_global_by_1t_False": 0.02594810379241517,
          "year_count_max_s_zhang": 0.0249500998003992,
          "lda_mean_vector_by_1d_False_5_1": 0.019461077844311378,
          "lda_sum_vector_by_1d_False_5_0": 0.019461077844311378,
          "nunique_ratio2mean_ftr51_by_400d": 0.023453093812375248,
          "raw_FTR42_SUM_s_zhang": 0.021457085828343315,
          "D7_hua_FTR34_SUM_MAX_s_zhang": 0.01746506986027944,
          "len_std_count_by_non_zero_group_3d": 0.015469061876247504,
          "mean_FTR9_in_global_by_15d_False": 0.02245508982035928,
          "raw_FTR41_SUM_s_zhang": 0.028942115768463075,
          "diff_mean_FTR8_in_global_by_7d_False": 0.007984031936127744,
          "mean_FTR29_in_global_by_1d_True": 0.020958083832335328,
          "rolling_sum2max_FTR33_45d": 0.018962075848303395,
          "std_FTR35_in_global_by_15d_False": 0.01746506986027944,
          "range_FTR36_in_global_by_30d_False": 0.018962075848303395,
          "D7_hua_FTR0_SUM_MAX_s_zhang": 0.028942115768463075,
          "lda_std_vector_by_1d_False_5_4": 0.023952095808383235,
          "raw_FTR30_MAX_s_zhang": 0.020459081836327345,
          "max_ratio_FTR42_in_global_by_1t_False": 0.02694610778443114,
          "rolling_sum2max_FTR30_30d": 0.029940119760479042,
          "range_FTR33_in_global_by_30d_True": 0.023453093812375248,
          "diff_var_FTR5_in_global_by_7d_False": 0.00998003992015968,
          "mean_FTR33_in_global_by_7d_False": 0.023952095808383235,
          "rolling_sumratio2max_FTR43_15d": 0.02694610778443114
        }
      },
      {
        "best_iteration": 114,
        "score_offline": 0.936167,
        "feature_importance_dict": {
          "max_ratio_FTR47_in_global_by_1t_False": 0.026102610261026102,
          "rolling_sum2max_FTR33_7d": 0.026552655265526554,
          "max_ratio_FTR43_in_global_by_3d_False": 0.024752475247524754,
          "diff_mean_FTR5_in_global_by_7d_False": 0.01395139513951395,
          "non_zero_count_FTR33_in_global_by_1d_True": 0.037803780378037805,
          "mean_FTR48_in_global_by_1t_False": 0.01485148514851485,
          "std_FTR48_in_global_by_15d_False": 0.017101710171017102,
          "raw_FTR9_MAX_s_zhang": 0.018001800180018002,
          "range_FTR9_in_global_by_1d_False": 0.027002700270027002,
          "new_FTR36_CONVERT_NUM_NO_ZERO_s_zhang": 0.025202520252025202,
          "std_FTR30_in_global_by_7d_True": 0.022502250225022502,
          "max_ratio_FTR32_in_global_by_1t_False": 0.02115211521152115,
          "diff_var_FTR8_in_global_by_7d_False": 0.013051305130513051,
          "sum_std_count_by_non_zero_group_3d": 0.027452745274527453,
          "rolling_sumratio2max_FTR41_45d": 0.038253825382538256,
          "ftr51_FTR51_B_CONVERT_NUM_UNIQUE_s_zhang": 0.034653465346534656,
          "len_std_count_by_non_zero_group_1d": 0.02025202520252025,
          "mean_FTR34_in_global_by_1t_False": 0.034653465346534656,
          "raw_FTR33_SUM_s_zhang": 0.0288028802880288,
          "diff_mean_FTR36_in_global_by_7d_False": 0.013051305130513051,
          "max_ratio_FTR43_in_global_by_1t_False": 0.025202520252025202,
          "year_count_max_s_zhang": 0.022502250225022502,
          "lda_mean_vector_by_1d_False_5_1": 0.025652565256525654,
          "lda_sum_vector_by_1d_False_5_0": 0.022502250225022502,
          "nunique_ratio2mean_ftr51_by_400d": 0.02115211521152115,
          "raw_FTR42_SUM_s_zhang": 0.022052205220522054,
          "D7_hua_FTR34_SUM_MAX_s_zhang": 0.02025202520252025,
          "len_std_count_by_non_zero_group_3d": 0.01845184518451845,
          "mean_FTR9_in_global_by_15d_False": 0.02115211521152115,
          "raw_FTR41_SUM_s_zhang": 0.024302430243024302,
          "diff_mean_FTR8_in_global_by_7d_False": 0.013501350135013501,
          "mean_FTR29_in_global_by_1d_True": 0.024752475247524754,
          "rolling_sum2max_FTR33_45d": 0.01665166516651665,
          "std_FTR35_in_global_by_15d_False": 0.023402340234023402,
          "range_FTR36_in_global_by_30d_False": 0.023852385238523854,
          "D7_hua_FTR0_SUM_MAX_s_zhang": 0.018901890189018902,
          "lda_std_vector_by_1d_False_5_4": 0.01665166516651665,
          "raw_FTR30_MAX_s_zhang": 0.018901890189018902,
          "max_ratio_FTR42_in_global_by_1t_False": 0.022952295229522954,
          "rolling_sum2max_FTR30_30d": 0.028352835283528353,
          "range_FTR33_in_global_by_30d_True": 0.026552655265526554,
          "diff_var_FTR5_in_global_by_7d_False": 0.0067506750675067504,
          "mean_FTR33_in_global_by_7d_False": 0.022502250225022502,
          "rolling_sumratio2max_FTR43_15d": 0.0279027902790279
        }
      },
      {
        "best_iteration": 214,
        "score_offline": 0.949065,
        "feature_importance_dict": {
          "max_ratio_FTR47_in_global_by_1t_False": 0.025142173002095182,
          "rolling_sum2max_FTR33_7d": 0.03352289733612691,
          "max_ratio_FTR43_in_global_by_3d_False": 0.021849745585154144,
          "diff_mean_FTR5_in_global_by_7d_False": 0.01706076025142173,
          "non_zero_count_FTR33_in_global_by_1d_True": 0.02873391200239449,
          "mean_FTR48_in_global_by_1t_False": 0.021849745585154144,
          "std_FTR48_in_global_by_15d_False": 0.016761448668063453,
          "raw_FTR9_MAX_s_zhang": 0.019754564501646213,
          "range_FTR9_in_global_by_1d_False": 0.029332535169111044,
          "new_FTR36_CONVERT_NUM_NO_ZERO_s_zhang": 0.022149057168512423,
          "std_FTR30_in_global_by_7d_True": 0.022747680335228972,
          "max_ratio_FTR32_in_global_by_1t_False": 0.030230469919185873,
          "diff_var_FTR8_in_global_by_7d_False": 0.016761448668063453,
          "sum_std_count_by_non_zero_group_3d": 0.025740796168811732,
          "rolling_sumratio2max_FTR41_45d": 0.02903322358575277,
          "ftr51_FTR51_B_CONVERT_NUM_UNIQUE_s_zhang": 0.0236456150853038,
          "len_std_count_by_non_zero_group_1d": 0.019155941334929663,
          "mean_FTR34_in_global_by_1t_False": 0.03322358575276863,
          "raw_FTR33_SUM_s_zhang": 0.01556420233463035,
          "diff_mean_FTR36_in_global_by_7d_False": 0.022149057168512423,