{
  "result": {
    "best_iteration": [
      2091,
      1748,
      2335,
      1943,
      3289
    ],
    "score_offline": [
      0.940402,
      0.936062,
      0.941908,
      0.952884,
      0.928079
    ],
    "score_mean_offline": 0.9398670000000001,
    "score_std_offline": 0.00809109589610702,
    "fold_results": [
      {
        "best_iteration": 2091,
        "score_offline": 0.940402,
        "feature_importance_dict": {
          "len_std_count_by_non_zero_group_3d": 0.026873311531352195,
          "mean_FTR34_in_global_by_1t_False": 0.04268448741646524,
          "rolling_sumratio2max_FTR41_45d": 0.03520545997440637,
          "max_ratio_FTR42_in_global_by_1t_False": 0.030570169202331864,
          "range_FTR9_in_global_by_1d_False": 0.04188824114886962,
          "sum_FTR41_in_global_by_1t_False": 0.02951798663443765,
          "std_FTR35_in_global_by_15d_False": 0.027612683065548132,
          "non_zero_count_FTR38_in_global_by_1d_True": 0.020844589790985354,
          "lda_sum_vector_by_1d_False_20_3": 0.052466941561211435,
          "rolling_sum2max_FTR30_30d": 0.03162235177022608,
          "lda_sum_vector_by_1d_False_20_13": 0.032845158538319354,
          "mean_FTR29_in_global_by_1d_True": 0.028693303000142188,
          "rolling_sum2max_FTR33_45d": 0.02570737949665861,
          "range_FTR36_in_global_by_30d_False": 0.027584245698848285,
          "rolling_sumratio2max_FTR43_15d": 0.03432390160671122,
          "rolling_sum2max_FTR33_7d": 0.03912981657898479,
          "len_std_count_by_non_zero_group_1d": 0.02476894639556377,
          "range_FTR33_in_global_by_30d_True": 0.030996729702829517,
          "mean_FTR9_in_global_by_15d_False": 0.027641120432247975,
          "non_zero_count_FTR33_in_global_by_1d_True": 0.031508602303426704,
          "max_ratio_FTR43_in_global_by_3d_False": 0.026219252097255796,
          "std_FTR48_in_global_by_15d_False": 0.028551116166642968,
          "sum_FTR42_in_global_by_1t_False": 0.026617375231053605,
          "lda_sum_vector_by_1d_False_20_19": 0.03022892080193374,
          "mean_FTR33_in_global_by_7d_False": 0.029972984501635148,
          "max_ratio_FTR43_in_global_by_1t_False": 0.03199203753732404,
          "sum_std_count_by_non_zero_group_3d": 0.031508602303426704,
          "std_FTR30_in_global_by_7d_True": 0.03045641973553249,
          "mean_FTR48_in_global_by_1t_False": 0.03335703113891653,
          "sum_FTR33_in_global_by_1t_False": 0.024029574861367836,
          "max_ratio_FTR32_in_global_by_1t_False": 0.03111047916962889,
          "max_ratio_FTR47_in_global_by_1t_False": 0.033470780605715914
        }
      },
      {
        "best_iteration": 1748,
        "score_offline": 0.936062,
        "feature_importance_dict": {
          "len_std_count_by_non_zero_group_3d": 0.022384943957349777,
          "mean_FTR34_in_global_by_1t_False": 0.04184731990879018,
          "rolling_sumratio2max_FTR41_45d": 0.0393743777499438,
          "max_ratio_FTR42_in_global_by_1t_False": 0.028197963837235444,
          "range_FTR9_in_global_by_1d_False": 0.0358416032373061,
          "sum_FTR41_in_global_by_1t_False": 0.024022866685936346,
          "std_FTR35_in_global_by_15d_False": 0.03272633843979831,
          "non_zero_count_FTR38_in_global_by_1d_True": 0.021678389054822236,
          "lda_sum_vector_by_1d_False_20_3": 0.05504705013328195,
          "rolling_sum2max_FTR30_30d": 0.027555641198574045,
          "lda_sum_vector_by_1d_False_20_13": 0.03471753861964865,
          "mean_FTR29_in_global_by_1d_True": 0.029932234961621222,
          "rolling_sum2max_FTR33_45d": 0.02906509939942833,
          "range_FTR36_in_global_by_30d_False": 0.028743938080097634,
          "rolling_sumratio2max_FTR43_15d": 0.03484600314738093,
          "rolling_sum2max_FTR33_7d": 0.03571313870957382,
          "len_std_count_by_non_zero_group_1d": 0.023027266596011176,
          "range_FTR33_in_global_by_30d_True": 0.03433214503645181,
          "mean_FTR9_in_global_by_15d_False": 0.029289912322959823,
          "non_zero_count_FTR33_in_global_by_1d_True": 0.03288691909946366,
          "max_ratio_FTR43_in_global_by_3d_False": 0.03314384815492822,
          "std_FTR48_in_global_by_15d_False": 0.024151331213668626,
          "sum_FTR42_in_global_by_1t_False": 0.024408260269133186,
          "lda_sum_vector_by_1d_False_20_19": 0.03324019655072743,
          "mean_FTR33_in_global_by_7d_False": 0.03160227382214086,
          "max_ratio_FTR43_in_global_by_1t_False": 0.03307961589106208,
          "sum_std_count_by_non_zero_group_3d": 0.03083148665574718,
          "std_FTR30_in_global_by_7d_True": 0.03214824806500305,
          "mean_FTR48_in_global_by_1t_False": 0.027716221858239392,
          "sum_FTR33_in_global_by_1t_False": 0.027041783087644922,
          "max_ratio_FTR32_in_global_by_1t_False": 0.028904518739762984,
          "max_ratio_FTR47_in_global_by_1t_False": 0.032501525516266824
        }
      },
      {
        "best_iteration": 2335,
        "score_offline": 0.941908,
        "feature_importance_dict": {
          "len_std_count_by_non_zero_group_3d": 0.02570694087403599,
          "mean_FTR34_in_global_by_1t_False": 0.038613967437874895,
          "rolling_sumratio2max_FTR41_45d": 0.03540059982862039,
          "max_ratio_FTR42_in_global_by_1t_False": 0.03210689802913453,
          "range_FTR9_in_global_by_1d_False": 0.04196122536418166,
          "sum_FTR41_in_global_by_1t_False": 0.0286793059125964,
          "std_FTR35_in_global_by_15d_False": 0.03047343616109683,
          "non_zero_count_FTR38_in_global_by_1d_True": 0.019253427592116536,
          "lda_sum_vector_by_1d_False_20_3": 0.0431662382176521,
          "rolling_sum2max_FTR30_30d": 0.026590616966580976,
          "lda_sum_vector_by_1d_False_20_13": 0.03756962296486718,
          "mean_FTR29_in_global_by_1d_True": 0.03138389031705227,
          "rolling_sum2max_FTR33_45d": 0.029214867180805484,
          "range_FTR36_in_global_by_30d_False": 0.029295201371036847,
          "rolling_sumratio2max_FTR43_15d": 0.03440981148243359,
          "rolling_sum2max_FTR33_7d": 0.04027420736932305,
          "len_std_count_by_non_zero_group_1d": 0.025224935732647814,
          "range_FTR33_in_global_by_30d_True": 0.032749571550985436,
          "mean_FTR9_in_global_by_15d_False": 0.024769708654670094,
          "non_zero_count_FTR33_in_global_by_1d_True": 0.0322407883461868,
          "max_ratio_FTR43_in_global_by_3d_False": 0.0280366323907455,
          "std_FTR48_in_global_by_15d_False": 0.0244751499571551,
          "sum_FTR42_in_global_by_1t_False": 0.02388603256212511,
          "lda_sum_vector_by_1d_False_20_19": 0.03601649528706084,
          "mean_FTR33_in_global_by_7d_False": 0.02800985432733505,
          "max_ratio_FTR43_in_global_by_1t_False": 0.03398136246786632,
          "sum_std_count_by_non_zero_group_3d": 0.030178877463581832,
          "std_FTR30_in_global_by_7d_True": 0.03242823479005998,
          "mean_FTR48_in_global_by_1t_False": 0.02822407883461868,
          "sum_FTR33_in_global_by_1t_False": 0.024635818337617823,
          "max_ratio_FTR32_in_global_by_1t_False": 0.035802270779777205,
          "max_ratio_FTR47_in_global_by_1t_False": 0.035239931448157666
        }
      },
      {
        "best_iteration": 1943,
        "score_offline": 0.952884,
        "feature_importance_dict": {
          "len_std_count_by_non_zero_group_3d": 0.024578125468333184,
          "mean_FTR34_in_global_by_1t_False": 0.039085214159398134,
          "rolling_sumratio2max_FTR41_45d": 0.036687348260048554,
          "max_ratio_FTR42_in_global_by_1t_False": 0.026436471540329107,
          "range_FTR9_in_global_by_1d_False": 0.04223241315229446,
          "sum_FTR41_in_global_by_1t_False": 0.02835476425980877,
          "std_FTR35_in_global_by_15d_False": 0.033899829152054674,
          "non_zero_count_FTR38_in_global_by_1d_True": 0.022479992806402303,
          "lda_sum_vector_by_1d_False_20_3": 0.04891646434673141,