{
  "result": {
    "best_iteration": [
      3576,
      1828,
      2577,
      3584,
      1968
    ],
    "score_offline": [
      0.940404,
      0.935816,
      0.944696,
      0.950635,
      0.92984
    ],
    "score_mean_offline": 0.9402782000000001,
    "score_std_offline": 0.007150710968847785,
    "fold_results": [
      {
        "best_iteration": 3576,
        "score_offline": 0.940404,
        "feature_importance_dict": {
          "sum_FTR33_in_global_by_1t_False": 0.028388313637938336,
          "rolling_sum2max_FTR33_45d": 0.02867700835290042,
          "sum_std_count_by_non_zero_group_3d": 0.036048346741598986,
          "rolling_sumratio2max_FTR41_45d": 0.04263058624273452,
          "len_std_count_by_non_zero_group_3d": 0.030736363986296623,
          "non_zero_count_FTR33_in_global_by_1d_True": 0.03701066245813927,
          "mean_FTR29_in_global_by_1d_True": 0.03445090265214212,
          "range_FTR33_in_global_by_30d_True": 0.03420070056584164,
          "std_FTR48_in_global_by_15d_False": 0.037607298202394245,
          "std_FTR30_in_global_by_7d_True": 0.03626005619923785,
          "range_FTR36_in_global_by_30d_False": 0.03266099541937719,
          "rolling_sum2max_FTR30_30d": 0.038877554948227415,
          "std_FTR35_in_global_by_15d_False": 0.0384926286616113,
          "mean_FTR34_in_global_by_1t_False": 0.04717271642480465,
          "max_ratio_FTR43_in_global_by_3d_False": 0.03194888178913738,
          "sum_FTR41_in_global_by_1t_False": 0.03260325647638477,
          "sum_FTR42_in_global_by_1t_False": 0.029273644097155396,
          "max_ratio_FTR32_in_global_by_1t_False": 0.03510527733938951,
          "lda_sum_vector_by_1d_False_20_3": 0.06397474883559798,
          "rolling_sumratio2max_FTR43_15d": 0.03922398860618192,
          "max_ratio_FTR47_in_global_by_1t_False": 0.03937795912082836,
          "max_ratio_FTR43_in_global_by_1t_False": 0.038396397089957277,
          "rolling_sum2max_FTR33_7d": 0.044420493475499444,
          "max_ratio_FTR42_in_global_by_1t_False": 0.03639478039955348,
          "mean_FTR9_in_global_by_15d_False": 0.029138919896839754,
          "range_FTR9_in_global_by_1d_False": 0.0446129566188075,
          "mean_FTR33_in_global_by_7d_False": 0.03231456176142269
        }
      },
      {
        "best_iteration": 1828,
        "score_offline": 0.935816,
        "feature_importance_dict": {
          "sum_FTR33_in_global_by_1t_False": 0.031901305336614845,
          "rolling_sum2max_FTR33_45d": 0.031465154677715816,
          "sum_std_count_by_non_zero_group_3d": 0.035359356989314306,
          "rolling_sumratio2max_FTR41_45d": 0.041465466213900744,
          "len_std_count_by_non_zero_group_3d": 0.02657403657434811,
          "non_zero_count_FTR33_in_global_by_1d_True": 0.03984547805227577,
          "mean_FTR29_in_global_by_1d_True": 0.035702046792734976,
          "range_FTR33_in_global_by_30d_True": 0.03813202903517243,
          "std_FTR48_in_global_by_15d_False": 0.031589769151686965,
          "std_FTR30_in_global_by_7d_True": 0.03735318857285274,
          "range_FTR36_in_global_by_30d_False": 0.0328047602729057,
          "rolling_sum2max_FTR30_30d": 0.033490139879747034,
          "std_FTR35_in_global_by_15d_False": 0.039907785289261345,
          "mean_FTR34_in_global_by_1t_False": 0.047789650767936696,
          "max_ratio_FTR43_in_global_by_3d_False": 0.0371974204803888,
          "sum_FTR41_in_global_by_1t_False": 0.027384030655160596,
          "sum_FTR42_in_global_by_1t_False": 0.026698651048319262,
          "max_ratio_FTR32_in_global_by_1t_False": 0.03504782080438643,
          "lda_sum_vector_by_1d_False_20_3": 0.07190255148135456,
          "rolling_sumratio2max_FTR43_15d": 0.04308545437552572,
          "max_ratio_FTR47_in_global_by_1t_False": 0.037571263902302254,
          "max_ratio_FTR43_in_global_by_1t_False": 0.04109162279198729,
          "rolling_sum2max_FTR33_7d": 0.03931586653789838,
          "max_ratio_FTR42_in_global_by_1t_False": 0.031620922770179756,
          "mean_FTR9_in_global_by_15d_False": 0.03454936290850182,
          "range_FTR9_in_global_by_1d_False": 0.04046855042213153,
          "mean_FTR33_in_global_by_7d_False": 0.030686314215396117
        }
      },
      {
        "best_iteration": 2577,
        "score_offline": 0.944696,
        "feature_importance_dict": {
          "sum_FTR33_in_global_by_1t_False": 0.028773596575867786,
          "rolling_sum2max_FTR33_45d": 0.032286795813849925,
          "sum_std_count_by_non_zero_group_3d": 0.03562680917390336,
          "rolling_sumratio2max_FTR41_45d": 0.039214230930997795,
          "len_std_count_by_non_zero_group_3d": 0.030381751156634256,
          "non_zero_count_FTR33_in_global_by_1d_True": 0.03886785917514041,
          "mean_FTR29_in_global_by_1d_True": 0.034909324822484475,
          "range_FTR33_in_global_by_30d_True": 0.036517479403250945,
          "std_FTR48_in_global_by_15d_False": 0.03243524085207452,
          "std_FTR30_in_global_by_7d_True": 0.03745763131200673,
          "range_FTR36_in_global_by_30d_False": 0.034463989707810685,
          "rolling_sum2max_FTR30_30d": 0.03127242138598184,
          "std_FTR35_in_global_by_15d_False": 0.039313194289814196,
          "mean_FTR34_in_global_by_1t_False": 0.04428610307033821,
          "max_ratio_FTR43_in_global_by_3d_False": 0.032707390088819614,
          "sum_FTR41_in_global_by_1t_False": 0.03142086642420644,
          "sum_FTR42_in_global_by_1t_False": 0.027660258789183306,
          "max_ratio_FTR32_in_global_by_1t_False": 0.039882233603008486,
          "lda_sum_vector_by_1d_False_20_3": 0.06479625918503674,
          "rolling_sumratio2max_FTR43_15d": 0.0393626759692224,
          "max_ratio_FTR47_in_global_by_1t_False": 0.04329646948217423,
          "max_ratio_FTR43_in_global_by_1t_False": 0.0393626759692224,
          "rolling_sum2max_FTR33_7d": 0.04235631757341844,
          "max_ratio_FTR42_in_global_by_1t_False": 0.03582473589153616,
          "mean_FTR9_in_global_by_15d_False": 0.029961156881664563,
          "range_FTR9_in_global_by_1d_False": 0.04831885994210643,
          "mean_FTR33_in_global_by_7d_False": 0.029243672530245676
        }
      },
      {
        "best_iteration": 3584,
        "score_offline": 0.950635,
        "feature_importance_dict": {
          "sum_FTR33_in_global_by_1t_False": 0.028506622071007053,
          "rolling_sum2max_FTR33_45d": 0.029410068623493456,
          "sum_std_count_by_non_zero_group_3d": 0.03435019126155739,
          "rolling_sumratio2max_FTR41_45d": 0.04194298675585799,
          "len_std_count_by_non_zero_group_3d": 0.029679180362531955,
          "non_zero_count_FTR33_in_global_by_1d_True": 0.03625319570190108,
          "mean_FTR29_in_global_by_1d_True": 0.03148607346750476,
          "range_FTR33_in_global_by_30d_True": 0.029313957288122562,
          "std_FTR48_in_global_by_15d_False": 0.035157526478672894,
          "std_FTR30_in_global_by_7d_True": 0.03275474309440055,
          "range_FTR36_in_global_by_30d_False": 0.03575341675797244,
          "rolling_sum2max_FTR30_30d": 0.03980931511062415,
          "std_FTR35_in_global_by_15d_False": 0.03911731349595371,
          "mean_FTR34_in_global_by_1t_False": 0.04413432520231436,
          "max_ratio_FTR43_in_global_by_3d_False": 0.039655536974030715,
          "sum_FTR41_in_global_by_1t_False": 0.034234857659112314,
          "sum_FTR42_in_global_by_1t_False": 0.034100301789593064,
          "max_ratio_FTR32_in_global_by_1t_False": 0.03752186532879688,
          "lda_sum_vector_by_1d_False_20_3": 0.05943524979336063,
          "rolling_sumratio2max_FTR43_15d": 0.04125098514118755,
          "max_ratio_FTR47_in_global_by_1t_False": 0.043442323587643925,
          "max_ratio_FTR43_in_global_by_1t_False": 0.040136093650885184,
          "rolling_sum2max_FTR33_7d": 0.040443649924072046,
          "max_ratio_FTR42_in_global_by_1t_False": 0.034234857659112314,