{
  "result": {
    "best_iteration": [
      339,
      114,
      208,
      424,
      334
    ],
    "score_offline": [
      0.962221,
      0.952695,
      0.961231,
      0.972919,
      0.965714
    ],
    "score_mean_offline": 0.9629559999999999,
    "score_std_offline": 0.006567676971349921,
    "fold_results": [
      {
        "best_iteration": 339,
        "score_offline": 0.962221,
        "feature_importance_dict": {
          "D7_hua_FTR0_SUM_MAX_s_zhang": 0.024363949978438982,
          "D7_hua_FTR34_SUM_MAX_s_zhang": 0.019189305735230703,
          "ftr51_FTR51_B_CONVERT_NUM_UNIQUE_s_zhang": 0.016601983613626563,
          "lda_mean_vector_by_1d_False_5_1": 0.018542475204829666,
          "lda_std_vector_by_1d_False_5_4": 0.019189305735230703,
          "lda_sum_vector_by_1d_False_5_0": 0.022639068564036222,
          "len_std_count_by_non_zero_group_1d": 0.02026735661923243,
          "len_std_count_by_non_zero_group_3d": 0.02112979732643381,
          "max_fraud_ratio": 0.08969383354894352,
          "max_ratio_FTR32_in_global_by_1t_False": 0.021776627856834842,
          "max_ratio_FTR42_in_global_by_1t_False": 0.02242345838723588,
          "max_ratio_FTR43_in_global_by_1t_False": 0.02652005174644243,
          "max_ratio_FTR43_in_global_by_3d_False": 0.022207848210435532,
          "max_ratio_FTR47_in_global_by_1t_False": 0.02242345838723588,
          "mean_FTR29_in_global_by_1d_True": 0.022207848210435532,
          "mean_FTR33_in_global_by_7d_False": 0.017464424320827943,
          "mean_FTR34_in_global_by_1t_False": 0.029322984044846918,
          "mean_FTR48_in_global_by_1t_False": 0.026735661923242778,
          "mean_FTR9_in_global_by_15d_False": 0.019836136265631736,
          "mean_fraud_ratio": 0.024795170332039672,
          "new_FTR36_CONVERT_NUM_NO_ZERO_s_zhang": 0.02026735661923243,
          "non_zero_count_FTR33_in_global_by_1d_True": 0.02414833980163864,
          "nunique_ratio2mean_ftr51_by_400d": 0.017248814144027597,
          "range_FTR33_in_global_by_30d_True": 0.020051746442432083,
          "range_FTR36_in_global_by_30d_False": 0.0215610176800345,
          "range_FTR9_in_global_by_1d_False": 0.02457956015523933,
          "raw_FTR30_MAX_s_zhang": 0.019836136265631736,
          "raw_FTR33_SUM_s_zhang": 0.015739542906425184,
          "raw_FTR41_SUM_s_zhang": 0.025226390685640362,
          "raw_FTR42_SUM_s_zhang": 0.018758085381630013,
          "raw_FTR9_MAX_s_zhang": 0.018973695558430356,
          "rolling_sum2max_FTR30_30d": 0.02544200086244071,
          "rolling_sum2max_FTR33_45d": 0.02026735661923243,
          "rolling_sum2max_FTR33_7d": 0.02910737386804657,
          "rolling_sumratio2max_FTR41_45d": 0.02824493316084519,
          "rolling_sumratio2max_FTR43_15d": 0.032772746873652434,
          "std_FTR30_in_global_by_7d_True": 0.018542475204829666,
          "std_FTR35_in_global_by_15d_False": 0.02242345838723588,
          "std_FTR48_in_global_by_15d_False": 0.02565761103924105,
          "sum_fraud_ratio": 0.020914187149633463,
          "sum_std_count_by_non_zero_group_3d": 0.021345407503234153,
          "year_count_max_s_zhang": 0.0215610176800345
        }
      },
      {
        "best_iteration": 114,
        "score_offline": 0.952695,
        "feature_importance_dict": {
          "D7_hua_FTR0_SUM_MAX_s_zhang": 0.021445221445221447,
          "D7_hua_FTR34_SUM_MAX_s_zhang": 0.02470862470862471,
          "ftr51_FTR51_B_CONVERT_NUM_UNIQUE_s_zhang": 0.022843822843822845,
          "lda_mean_vector_by_1d_False_5_1": 0.024242424242424242,
          "lda_std_vector_by_1d_False_5_4": 0.02191142191142191,
          "lda_sum_vector_by_1d_False_5_0": 0.014918414918414918,
          "len_std_count_by_non_zero_group_1d": 0.016783216783216783,
          "len_std_count_by_non_zero_group_3d": 0.016317016317016316,
          "max_fraud_ratio": 0.09277389277389278,
          "max_ratio_FTR32_in_global_by_1t_False": 0.018648018648018648,
          "max_ratio_FTR42_in_global_by_1t_False": 0.02564102564102564,
          "max_ratio_FTR43_in_global_by_1t_False": 0.027972027972027972,
          "max_ratio_FTR43_in_global_by_3d_False": 0.02564102564102564,
          "max_ratio_FTR47_in_global_by_1t_False": 0.018648018648018648,
          "mean_FTR29_in_global_by_1d_True": 0.023776223776223775,
          "mean_FTR33_in_global_by_7d_False": 0.02191142191142191,
          "mean_FTR34_in_global_by_1t_False": 0.031701631701631705,
          "mean_FTR48_in_global_by_1t_False": 0.016317016317016316,
          "mean_FTR9_in_global_by_15d_False": 0.023776223776223775,
          "mean_fraud_ratio": 0.01818181818181818,
          "new_FTR36_CONVERT_NUM_NO_ZERO_s_zhang": 0.022377622377622378,
          "non_zero_count_FTR33_in_global_by_1d_True": 0.031701631701631705,
          "nunique_ratio2mean_ftr51_by_400d": 0.012587412587412588,
          "range_FTR33_in_global_by_30d_True": 0.02191142191142191,
          "range_FTR36_in_global_by_30d_False": 0.02191142191142191,
          "range_FTR9_in_global_by_1d_False": 0.022377622377622378,
          "raw_FTR30_MAX_s_zhang": 0.016783216783216783,
          "raw_FTR33_SUM_s_zhang": 0.029836829836829837,
          "raw_FTR41_SUM_s_zhang": 0.016317016317016316,
          "raw_FTR42_SUM_s_zhang": 0.015850815850815853,
          "raw_FTR9_MAX_s_zhang": 0.020046620046620046,
          "rolling_sum2max_FTR30_30d": 0.015384615384615385,
          "rolling_sum2max_FTR33_45d": 0.02097902097902098,
          "rolling_sum2max_FTR33_7d": 0.02470862470862471,
          "rolling_sumratio2max_FTR41_45d": 0.02937062937062937,
          "rolling_sumratio2max_FTR43_15d": 0.032167832167832165,
          "std_FTR30_in_global_by_7d_True": 0.022377622377622378,
          "std_FTR35_in_global_by_15d_False": 0.022377622377622378,
          "std_FTR48_in_global_by_15d_False": 0.016317016317016316,
          "sum_fraud_ratio": 0.022843822843822845,
          "sum_std_count_by_non_zero_group_3d": 0.028904428904428906,
          "year_count_max_s_zhang": 0.02470862470862471
        }
      },
      {
        "best_iteration": 208,
        "score_offline": 0.961231,
        "feature_importance_dict": {
          "D7_hua_FTR0_SUM_MAX_s_zhang": 0.025495750708215296,
          "D7_hua_FTR34_SUM_MAX_s_zhang": 0.02329241422725842,
          "ftr51_FTR51_B_CONVERT_NUM_UNIQUE_s_zhang": 0.01794145420207743,
          "lda_mean_vector_by_1d_False_5_1": 0.02014479068303431,
          "lda_std_vector_by_1d_False_5_4": 0.02077431539187913,
          "lda_sum_vector_by_1d_False_5_0": 0.019515265974189486,
          "len_std_count_by_non_zero_group_1d": 0.021403840100723954,
          "len_std_count_by_non_zero_group_3d": 0.018570978910922253,
          "max_fraud_ratio": 0.09159584513692162,
          "max_ratio_FTR32_in_global_by_1t_False": 0.024551463644948063,
          "max_ratio_FTR42_in_global_by_1t_False": 0.02612527541706012,
          "max_ratio_FTR43_in_global_by_1t_False": 0.02297765187283601,
          "max_ratio_FTR43_in_global_by_3d_False": 0.019830028328611898,
          "max_ratio_FTR47_in_global_by_1t_False": 0.023921938936103244,
          "mean_FTR29_in_global_by_1d_True": 0.027384324834749764,
          "mean_FTR33_in_global_by_7d_False": 0.019515265974189486,
          "mean_FTR34_in_global_by_1t_False": 0.024551463644948063,
          "mean_FTR48_in_global_by_1t_False": 0.02014479068303431,
          "mean_FTR9_in_global_by_15d_False": 0.021089077746301543,
          "mean_fraud_ratio": 0.012590494176896443,
          "new_FTR36_CONVERT_NUM_NO_ZERO_s_zhang": 0.02014479068303431,
          "non_zero_count_FTR33_in_global_by_1d_True": 0.025810513062637708,
          "nunique_ratio2mean_ftr51_by_400d": 0.02014479068303431,
          "range_FTR33_in_global_by_30d_True": 0.0226628895184136,
          "range_FTR36_in_global_by_30d_False": 0.021089077746301543,
          "range_FTR9_in_global_by_1d_False": 0.024551463644948063,
          "raw_FTR30_MAX_s_zhang": 0.019830028328611898,