{
  "result": {
    "best_iteration": [
      1868,
      2074,
      2313,
      1575,
      1622
    ],
    "score_offline": [
      0.945702,
      0.940073,
      0.949086,
      0.951176,
      0.933881
    ],
    "score_mean_offline": 0.9439835999999999,
    "score_std_offline": 0.006294018131527756,
    "fold_results": [
      {
        "best_iteration": 1868,
        "score_offline": 0.945702,
        "feature_importance_dict": {
          "lda_mean_vector_by_1d_False_5_1": 0.017145012515859138,
          "lda_std_vector_by_1d_False_5_4": 0.021979906045331413,
          "lda_sum_vector_by_1d_False_5_0": 0.021945616020299694,
          "len_std_count_by_non_zero_group_1d": 0.02088262524431643,
          "len_std_count_by_non_zero_group_3d": 0.020505434968967527,
          "max_ratio_FTR32_in_global_by_1t_False": 0.022185646195521724,
          "max_ratio_FTR42_in_global_by_1t_False": 0.024483077872646846,
          "max_ratio_FTR43_in_global_by_1t_False": 0.02417446764736138,
          "max_ratio_FTR43_in_global_by_3d_False": 0.019373864142920826,
          "max_ratio_FTR47_in_global_by_1t_False": 0.027569180125501493,
          "mean_FTR29_in_global_by_1d_True": 0.0266433494496451,
          "mean_FTR33_in_global_by_7d_False": 0.02462023797277372,
          "mean_FTR34_in_global_by_1t_False": 0.03459863525700374,
          "mean_FTR48_in_global_by_1t_False": 0.02918081130199225,
          "mean_FTR9_in_global_by_15d_False": 0.016733532215478516,
          "non_zero_count_FTR33_in_global_by_1d_True": 0.020368274868840654,
          "non_zero_count_FTR38_in_global_by_1d_True": 0.01786510304152522,
          "nunique_ratio2mean_ftr51_by_400d": 0.019922504543428317,
          "range_FTR33_in_global_by_30d_True": 0.026094709049137604,
          "range_FTR36_in_global_by_30d_False": 0.02366011727188561,
          "range_FTR9_in_global_by_1d_False": 0.03353564448102047,
          "rolling_sum2max_FTR30_30d": 0.025580358673661832,
          "rolling_sum2max_FTR33_45d": 0.020196824743682062,
          "rolling_sum2max_FTR33_7d": 0.032061173404656584,
          "rolling_sumratio2max_FTR41_45d": 0.0302095120529438,
          "rolling_sumratio2max_FTR43_15d": 0.030620992353324418,
          "std_FTR30_in_global_by_7d_True": 0.02163700579501423,
          "std_FTR35_in_global_by_15d_False": 0.021739875870109386,
          "std_FTR48_in_global_by_15d_False": 0.024551657922710284,
          "sum2mean_ftr51_by_400d": 0.006892295031375373,
          "sum_FTR33_in_global_by_1t_False": 0.013990330212941056,
          "sum_FTR41_in_global_by_1t_False": 0.021534135719919075,
          "sum_FTR42_in_global_by_1t_False": 0.01968247436820629,
          "sum_std_count_by_non_zero_group_3d": 0.024688818022837157,
          "raw_FTR9_MAX": 0.015704831464526968,
          "raw_FTR9_SUM": 0.01628776189006618,
          "raw_FTR33_SUM": 0.0030518122278229264,
          "raw_FTR34_MEAN": 0.006789424956280218,
          "raw_FTR41_SUM": 0.004663443404313685,
          "raw_FTR42_SUM": 0.0049720536295991494,
          "unique_time": 0.011212838185371875,
          "ftr51_FTR51_B_CONVERT_NUM_UNIQUE": 0.02640331927442307,
          "new_FTR36_CONVERT_NUM_NO_ZERO": 0.021396975619792202,
          "year_count_max": 0.019545314268079414,
          "raw_FTR30_MAX": 0.022357096320680316,
          "count_60D_sum_max": 0.012790179336830916,
          "D7_hua_FTR0_SUM_MAX": 0.027432020025374617,
          "D7_hua_FTR34_SUM_MAX": 0.020539724993999246
        }
      },
      {
        "best_iteration": 2074,
        "score_offline": 0.940073,
        "feature_importance_dict": {
          "lda_mean_vector_by_1d_False_5_1": 0.022852639873916468,
          "lda_std_vector_by_1d_False_5_4": 0.020961386918833726,
          "lda_sum_vector_by_1d_False_5_0": 0.021497241922773837,
          "len_std_count_by_non_zero_group_1d": 0.020236406619385344,
          "len_std_count_by_non_zero_group_3d": 0.018975571315996847,
          "max_ratio_FTR32_in_global_by_1t_False": 0.023041765169424744,
          "max_ratio_FTR42_in_global_by_1t_False": 0.027801418439716313,
          "max_ratio_FTR43_in_global_by_1t_False": 0.02301024428684003,
          "max_ratio_FTR43_in_global_by_3d_False": 0.02641449960598897,
          "max_ratio_FTR47_in_global_by_1t_False": 0.025090622537431048,
          "mean_FTR29_in_global_by_1d_True": 0.0244602048857368,
          "mean_FTR33_in_global_by_7d_False": 0.021875492513790385,
          "mean_FTR34_in_global_by_1t_False": 0.033191489361702124,
          "mean_FTR48_in_global_by_1t_False": 0.027076438140267927,
          "mean_FTR9_in_global_by_15d_False": 0.020362490149724192,
          "non_zero_count_FTR33_in_global_by_1d_True": 0.022127659574468085,
          "non_zero_count_FTR38_in_global_by_1d_True": 0.01768321513002364,
          "nunique_ratio2mean_ftr51_by_400d": 0.018092986603624902,
          "range_FTR33_in_global_by_30d_True": 0.02666666666666667,
          "range_FTR36_in_global_by_30d_False": 0.024239558707643813,
          "range_FTR9_in_global_by_1d_False": 0.02937746256895193,
          "rolling_sum2max_FTR30_30d": 0.021087470449172578,
          "rolling_sum2max_FTR33_45d": 0.020394011032308906,
          "rolling_sum2max_FTR33_7d": 0.030070921985815603,
          "rolling_sumratio2max_FTR41_45d": 0.034200157604412924,
          "rolling_sumratio2max_FTR43_15d": 0.030732860520094562,
          "std_FTR30_in_global_by_7d_True": 0.023325453112687154,
          "std_FTR35_in_global_by_15d_False": 0.027202521670606775,
          "std_FTR48_in_global_by_15d_False": 0.02020488573680063,
          "sum2mean_ftr51_by_400d": 0.011126871552403467,
          "sum_FTR33_in_global_by_1t_False": 0.0185973207249803,
          "sum_FTR41_in_global_by_1t_False": 0.014940898345153664,
          "sum_FTR42_in_global_by_1t_False": 0.019416863672182823,
          "sum_std_count_by_non_zero_group_3d": 0.025468873128447596,
          "raw_FTR9_MAX": 0.01730496453900709,
          "raw_FTR9_SUM": 0.012671394799054374,
          "raw_FTR33_SUM": 0.003404255319148936,
          "raw_FTR34_MEAN": 0.006398739164696612,
          "raw_FTR41_SUM": 0.0028999211977935382,
          "raw_FTR42_SUM": 0.0033412135539795116,
          "unique_time": 0.010055161544523246,
          "ftr51_FTR51_B_CONVERT_NUM_UNIQUE": 0.030260047281323876,
          "new_FTR36_CONVERT_NUM_NO_ZERO": 0.018376674546887312,
          "year_count_max": 0.018282111899133174,
          "raw_FTR30_MAX": 0.01821907013396375,
          "count_60D_sum_max": 0.015886524822695036,
          "D7_hua_FTR0_SUM_MAX": 0.026193853427895982,
          "D7_hua_FTR34_SUM_MAX": 0.024901497241922775
        }
      },
      {
        "best_iteration": 2313,
        "score_offline": 0.949086,
        "feature_importance_dict": {
          "lda_mean_vector_by_1d_False_5_1": 0.019300219051565922,
          "lda_std_vector_by_1d_False_5_4": 0.018500976851577762,
          "lda_sum_vector_by_1d_False_5_0": 0.022526789414481083,
          "len_std_count_by_non_zero_group_1d": 0.02101710970339234,
          "len_std_count_by_non_zero_group_3d": 0.02128352377005506,
          "max_ratio_FTR32_in_global_by_1t_False": 0.02951275827363685,
          "max_ratio_FTR42_in_global_by_1t_False": 0.028772719199573738,
          "max_ratio_FTR43_in_global_by_1t_False": 0.023474039429281866,
          "max_ratio_FTR43_in_global_by_3d_False": 0.02075069563672962,
          "max_ratio_FTR47_in_global_by_1t_False": 0.03120004736250074,
          "mean_FTR29_in_global_by_1d_True": 0.026611805103309454,
          "mean_FTR33_in_global_by_7d_False": 0.02054348469599195,
          "mean_FTR34_in_global_by_1t_False": 0.033124148955064825,
          "mean_FTR48_in_global_by_1t_False": 0.023089219110769048,
          "mean_FTR9_in_global_by_15d_False": 0.01533360961458765,
          "non_zero_count_FTR33_in_global_by_1d_True": 0.02101710970339234,
          "non_zero_count_FTR38_in_global_by_1d_True": 0.016754484636788823,