{
  "result": {
    "best_iteration": [
      148,
      183,
      255,
      166,
      386
    ],
    "score_offline": [
      0.938309,
      0.938394,
      0.944985,
      0.949156,
      0.930134
    ],
    "score_mean_offline": 0.9401956,
    "score_std_offline": 0.006500275951065458,
    "fold_results": [
      {
        "best_iteration": 148,
        "score_offline": 0.938309,
        "feature_importance_dict": {
          "lda_mean_vector_by_1d_False_5_1": 0.016928657799274487,
          "lda_mean_vector_by_7d_False_5_0": 0.008464328899637243,
          "lda_mean_vector_by_7d_False_5_3": 0.0177347843611447,
          "lda_std_vector_by_1d_False_5_4": 0.022974607013301087,
          "lda_sum_vector_by_1d_False_5_0": 0.024586860137041516,
          "lda_sum_vector_by_1d_False_5_3": 0.019750100765820233,
          "len_std_count_by_non_zero_group_1d": 0.022168480451430876,
          "len_std_count_by_non_zero_group_3d": 0.023377670294236194,
          "max_ratio_FTR32_in_global_by_1t_False": 0.02539298669891173,
          "max_ratio_FTR42_in_global_by_1t_False": 0.024989923417976623,
          "max_ratio_FTR43_in_global_by_1t_False": 0.025796049979846837,
          "max_ratio_FTR43_in_global_by_3d_False": 0.01894397420395002,
          "max_ratio_FTR47_in_global_by_1t_False": 0.03345425231761386,
          "mean_FTR29_in_global_by_1d_True": 0.02418379685610641,
          "mean_FTR33_in_global_by_7d_False": 0.024586860137041516,
          "mean_FTR34_in_global_by_1t_False": 0.037081821846029824,
          "mean_FTR48_in_global_by_1t_False": 0.026199113260781944,
          "mean_FTR9_in_global_by_15d_False": 0.025796049979846837,
          "non_zero_count_FTR33_in_global_by_1d_True": 0.028617492946392584,
          "non_zero_count_FTR38_in_global_by_1d_True": 0.019347037484885126,
          "nunique2max_ftr51_by_400d": 0.01007658202337767,
          "nunique2mean_ftr51_by_400d": 0.006449012494961709,
          "nunique2min_ftr51_by_400d": 0.004433696090286175,
          "nunique2range_ftr51_by_400d": 0.0,
          "nunique2std_ftr51_by_400d": 0.0,
          "nunique_ratio2max_ftr51_by_400d": 0.019750100765820233,
          "nunique_ratio2mean_ftr51_by_400d": 0.015316404675534058,
          "nunique_ratio2range_ftr51_by_400d": 0.0,
          "nunique_ratio2std_ftr51_by_400d": 0.0,
          "range_FTR33_in_global_by_30d_True": 0.028617492946392584,
          "range_FTR36_in_global_by_30d_False": 0.027408303103587262,
          "range_FTR9_in_global_by_1d_False": 0.03788794840790004,
          "rolling_sum2max_FTR30_30d": 0.02902055622732769,
          "rolling_sum2max_FTR33_45d": 0.028214429665457477,
          "rolling_sum2max_FTR33_7d": 0.03345425231761386,
          "rolling_sumratio2max_FTR41_45d": 0.028617492946392584,
          "rolling_sumratio2max_FTR43_15d": 0.031035872632003223,
          "std_FTR30_in_global_by_7d_True": 0.02781136638452237,
          "std_FTR35_in_global_by_15d_False": 0.025796049979846837,
          "std_FTR48_in_global_by_15d_False": 0.030229746070133012,
          "sum2max_ftr51_by_400d": 0.0177347843611447,
          "sum2mean_ftr51_by_400d": 0.011688835147118097,
          "sum2min_ftr51_by_400d": 0.007255139056831923,
          "sum2range_ftr51_by_400d": 0.0,
          "sum2std_ftr51_by_400d": 0.0,
          "sum_FTR33_in_global_by_1t_False": 0.01894397420395002,
          "sum_FTR41_in_global_by_1t_False": 0.032648125755743655,
          "sum_FTR42_in_global_by_1t_False": 0.025796049979846837,
          "sum_std_count_by_non_zero_group_3d": 0.03143893591293833
        }
      },
      {
        "best_iteration": 183,
        "score_offline": 0.938394,
        "feature_importance_dict": {
          "lda_mean_vector_by_1d_False_5_1": 0.018848526387936944,
          "lda_mean_vector_by_7d_False_5_0": 0.015764222069910898,
          "lda_mean_vector_by_7d_False_5_3": 0.015764222069910898,
          "lda_std_vector_by_1d_False_5_4": 0.022960932145305004,
          "lda_sum_vector_by_1d_False_5_0": 0.020904729266620972,
          "lda_sum_vector_by_1d_False_5_3": 0.01644962302947224,
          "len_std_count_by_non_zero_group_1d": 0.018848526387936944,
          "len_std_count_by_non_zero_group_3d": 0.023646333104866347,
          "max_ratio_FTR32_in_global_by_1t_False": 0.023989033584647018,
          "max_ratio_FTR42_in_global_by_1t_False": 0.02433173406442769,
          "max_ratio_FTR43_in_global_by_1t_False": 0.026730637422892393,
          "max_ratio_FTR43_in_global_by_3d_False": 0.03221384509938314,
          "max_ratio_FTR47_in_global_by_1t_False": 0.026730637422892393,
          "mean_FTR29_in_global_by_1d_True": 0.029129540781357093,
          "mean_FTR33_in_global_by_7d_False": 0.02227553118574366,
          "mean_FTR34_in_global_by_1t_False": 0.043522960932145305,
          "mean_FTR48_in_global_by_1t_False": 0.025359835503769704,
          "mean_FTR9_in_global_by_15d_False": 0.026730637422892393,
          "non_zero_count_FTR33_in_global_by_1d_True": 0.03289924605894448,
          "non_zero_count_FTR38_in_global_by_1d_True": 0.02021932830705963,
          "nunique2max_ftr51_by_400d": 0.014736120630568882,
          "nunique2mean_ftr51_by_400d": 0.00616860863605209,
          "nunique2min_ftr51_by_400d": 0.005140507196710075,
          "nunique2range_ftr51_by_400d": 0.0,
          "nunique2std_ftr51_by_400d": 0.0,
          "nunique_ratio2max_ftr51_by_400d": 0.022618231665524333,
          "nunique_ratio2mean_ftr51_by_400d": 0.008910212474297465,
          "nunique_ratio2range_ftr51_by_400d": 0.0,
          "nunique_ratio2std_ftr51_by_400d": 0.0,
          "range_FTR33_in_global_by_30d_True": 0.03015764222069911,
          "range_FTR36_in_global_by_30d_False": 0.02638793694311172,
          "range_FTR9_in_global_by_1d_False": 0.02981494174091844,
          "rolling_sum2max_FTR30_30d": 0.03015764222069911,
          "rolling_sum2max_FTR33_45d": 0.02844413982179575,
          "rolling_sum2max_FTR33_7d": 0.03255654557916381,
          "rolling_sumratio2max_FTR41_45d": 0.029129540781357093,
          "rolling_sumratio2max_FTR43_15d": 0.03221384509938314,
          "std_FTR30_in_global_by_7d_True": 0.031185743660041124,
          "std_FTR35_in_global_by_15d_False": 0.02981494174091844,
          "std_FTR48_in_global_by_15d_False": 0.018505825908156272,
          "sum2max_ftr51_by_400d": 0.021590130226182315,
          "sum2mean_ftr51_by_400d": 0.010623714873200822,
          "sum2min_ftr51_by_400d": 0.0054832076764907475,
          "sum2range_ftr51_by_400d": 0.0,
          "sum2std_ftr51_by_400d": 0.0,
          "sum_FTR33_in_global_by_1t_False": 0.02433173406442769,
          "sum_FTR41_in_global_by_1t_False": 0.02467443454420836,
          "sum_FTR42_in_global_by_1t_False": 0.023989033584647018,
          "sum_std_count_by_non_zero_group_3d": 0.02604523646333105
        }
      },
      {
        "best_iteration": 255,
        "score_offline": 0.944985,
        "feature_importance_dict": {
          "lda_mean_vector_by_1d_False_5_1": 0.0167658193618172,
          "lda_mean_vector_by_7d_False_5_0": 0.015143320713899405,
          "lda_mean_vector_by_7d_False_5_3": 0.021092482422931314,
          "lda_std_vector_by_1d_False_5_4": 0.021903731746890212,
          "lda_sum_vector_by_1d_False_5_0": 0.021362898864250947,
          "lda_sum_vector_by_1d_False_5_3": 0.024878312601406164,
          "len_std_count_by_non_zero_group_1d": 0.021903731746890212,
          "len_std_count_by_non_zero_group_3d": 0.02541914548404543,
          "max_ratio_FTR32_in_global_by_1t_False": 0.028393726338561385,
          "max_ratio_FTR42_in_global_by_1t_False": 0.02163331530557058,
          "max_ratio_FTR43_in_global_by_1t_False": 0.03407247160627366,
          "max_ratio_FTR43_in_global_by_3d_False": 0.021092482422931314,
          "max_ratio_FTR47_in_global_by_1t_False": 0.02785289345592212,
          "mean_FTR29_in_global_by_1d_True": 0.02893455922120065,
          "mean_FTR33_in_global_by_7d_False": 0.025148729042725797,