{
  "result": {
    "best_iteration": [
      144,
      97,
      154,
      219,
      154
    ],
    "score_offline": [
      0.942366,
      0.934508,
      0.941387,
      0.945455,
      0.928779
    ],
    "score_mean_offline": 0.9384989999999999,
    "score_std_offline": 0.006034677290460532,
    "fold_results": [
      {
        "best_iteration": 144,
        "score_offline": 0.942366,
        "feature_importance_dict": {
          "nunique_ratio2std_ftr51_by_15d": 0.019991670137442734,
          "non_zero_count_FTR33_in_global_by_1d_True": 0.029154518950437316,
          "max_ratio_FTR32_in_global_by_1t_False": 0.015410245730945439,
          "sum_FTR42_in_global_by_1t_False": 0.019158683881715953,
          "lda_std_vector_by_1d_False_5_4": 0.01749271137026239,
          "max_ratio_FTR43_in_global_by_1t_False": 0.022490628904623073,
          "nunique2std_ftr51_by_30d": 0.01790920449812578,
          "range_FTR33_in_global_by_30d_True": 0.029987505206164097,
          "std_FTR30_in_global_by_7d_True": 0.023323615160349854,
          "nunique_ratio2std_ftr51_by_7d": 0.014577259475218658,
          "range_FTR9_in_global_by_1d_False": 0.028738025822573926,
          "len_std_count_by_non_zero_group_1d": 0.021657642648896292,
          "mean_FTR48_in_global_by_1t_False": 0.018742190753852563,
          "nunique_ratio2range_ftr51_by_30d": 0.012911286963765098,
          "non_zero_count_FTR38_in_global_by_1d_True": 0.01749271137026239,
          "lda_sum_vector_by_1d_False_5_0": 0.026655560183256977,
          "sum_std_count_by_non_zero_group_3d": 0.030820491461890878,
          "sum2std_ftr51_by_7d": 0.012494793835901708,
          "max_ratio_FTR42_in_global_by_1t_False": 0.024573094543940025,
          "mean_FTR34_in_global_by_1t_False": 0.03581840899625156,
          "nunique2std_ftr51_by_7d": 0.012911286963765098,
          "max_ratio_FTR43_in_global_by_3d_False": 0.018325697625989172,
          "mean_FTR9_in_global_by_15d_False": 0.025406080799666806,
          "nunique2mean_ftr51_by_30d": 0.017076218242399,
          "rolling_sumratio2max_FTR43_15d": 0.028738025822573926,
          "rolling_sum2max_FTR33_7d": 0.027488546438983758,
          "nunique_ratio2mean_ftr51_by_7d": 0.015410245730945439,
          "sum2std_ftr51_by_30d": 0.01624323198667222,
          "rolling_sum2max_FTR30_30d": 0.029987505206164097,
          "mean_FTR33_in_global_by_7d_False": 0.023323615160349854,
          "sum2std_ftr51_by_15d": 0.012078300708038317,
          "rolling_sumratio2max_FTR41_45d": 0.03206997084548105,
          "lda_mean_vector_by_1d_False_5_1": 0.019575177009579343,
          "sum_FTR41_in_global_by_1t_False": 0.024573094543940025,
          "max_ratio_FTR47_in_global_by_1t_False": 0.03331945022907122,
          "std_FTR35_in_global_by_15d_False": 0.026655560183256977,
          "mean_FTR29_in_global_by_1d_True": 0.02082465639316951,
          "nunique_ratio2std_ftr51_by_30d": 0.012494793835901708,
          "rolling_sum2max_FTR33_45d": 0.022490628904623073,
          "sum_FTR33_in_global_by_1t_False": 0.0212411495210329,
          "range_FTR36_in_global_by_30d_False": 0.02790503956684715,
          "lda_sum_vector_by_1d_False_5_3": 0.02040816326530612,
          "nunique_ratio2mean_ftr51_by_30d": 0.012911286963765098,
          "len_std_count_by_non_zero_group_3d": 0.023740108288213244,
          "nunique_ratio2mean_ftr51_by_15d": 0.017076218242399,
          "std_FTR48_in_global_by_15d_False": 0.018325697625989172
        }
      },
      {
        "best_iteration": 97,
        "score_offline": 0.934508,
        "feature_importance_dict": {
          "nunique_ratio2std_ftr51_by_15d": 0.013157894736842105,
          "non_zero_count_FTR33_in_global_by_1d_True": 0.03105263157894737,
          "max_ratio_FTR32_in_global_by_1t_False": 0.02157894736842105,
          "sum_FTR42_in_global_by_1t_False": 0.021052631578947368,
          "lda_std_vector_by_1d_False_5_4": 0.01263157894736842,
          "max_ratio_FTR43_in_global_by_1t_False": 0.02526315789473684,
          "nunique2std_ftr51_by_30d": 0.018421052631578946,
          "range_FTR33_in_global_by_30d_True": 0.027894736842105264,
          "std_FTR30_in_global_by_7d_True": 0.021052631578947368,
          "nunique_ratio2std_ftr51_by_7d": 0.015263157894736841,
          "range_FTR9_in_global_by_1d_False": 0.035789473684210524,
          "len_std_count_by_non_zero_group_1d": 0.017894736842105262,
          "mean_FTR48_in_global_by_1t_False": 0.01631578947368421,
          "nunique_ratio2range_ftr51_by_30d": 0.014210526315789474,
          "non_zero_count_FTR38_in_global_by_1d_True": 0.014736842105263158,
          "lda_sum_vector_by_1d_False_5_0": 0.02,
          "sum_std_count_by_non_zero_group_3d": 0.03263157894736842,
          "sum2std_ftr51_by_7d": 0.020526315789473684,
          "max_ratio_FTR42_in_global_by_1t_False": 0.022105263157894735,
          "mean_FTR34_in_global_by_1t_False": 0.041578947368421056,
          "nunique2std_ftr51_by_7d": 0.024210526315789474,
          "max_ratio_FTR43_in_global_by_3d_False": 0.024210526315789474,
          "mean_FTR9_in_global_by_15d_False": 0.026842105263157896,
          "nunique2mean_ftr51_by_30d": 0.019473684210526317,
          "rolling_sumratio2max_FTR43_15d": 0.030526315789473683,
          "rolling_sum2max_FTR33_7d": 0.024210526315789474,
          "nunique_ratio2mean_ftr51_by_7d": 0.010526315789473684,
          "sum2std_ftr51_by_30d": 0.01631578947368421,
          "rolling_sum2max_FTR30_30d": 0.02736842105263158,
          "mean_FTR33_in_global_by_7d_False": 0.013157894736842105,
          "sum2std_ftr51_by_15d": 0.014736842105263158,
          "rolling_sumratio2max_FTR41_45d": 0.03736842105263158,
          "lda_mean_vector_by_1d_False_5_1": 0.027894736842105264,
          "sum_FTR41_in_global_by_1t_False": 0.020526315789473684,
          "max_ratio_FTR47_in_global_by_1t_False": 0.03315789473684211,
          "std_FTR35_in_global_by_15d_False": 0.028421052631578948,
          "mean_FTR29_in_global_by_1d_True": 0.021052631578947368,
          "nunique_ratio2std_ftr51_by_30d": 0.011578947368421053,
          "rolling_sum2max_FTR33_45d": 0.02157894736842105,
          "sum_FTR33_in_global_by_1t_False": 0.02631578947368421,
          "range_FTR36_in_global_by_30d_False": 0.02157894736842105,
          "lda_sum_vector_by_1d_False_5_3": 0.017368421052631578,
          "nunique_ratio2mean_ftr51_by_30d": 0.013157894736842105,
          "len_std_count_by_non_zero_group_3d": 0.017368421052631578,
          "nunique_ratio2mean_ftr51_by_15d": 0.012105263157894737,
          "std_FTR48_in_global_by_15d_False": 0.015789473684210527
        }
      },
      {
        "best_iteration": 154,
        "score_offline": 0.941387,
        "feature_importance_dict": {
          "nunique_ratio2std_ftr51_by_15d": 0.012219156484036263,
          "non_zero_count_FTR33_in_global_by_1d_True": 0.027591643673630272,
          "max_ratio_FTR32_in_global_by_1t_False": 0.02207331493890422,
          "sum_FTR42_in_global_by_1t_False": 0.016160819865983445,
          "lda_std_vector_by_1d_False_5_4": 0.010248324793062672,
          "max_ratio_FTR43_in_global_by_1t_False": 0.024832479306267245,
          "nunique2std_ftr51_by_30d": 0.022467481277098935,
          "range_FTR33_in_global_by_30d_True": 0.03192747339377217,
          "std_FTR30_in_global_by_7d_True": 0.022467481277098935,
          "nunique_ratio2std_ftr51_by_7d": 0.01694915254237288,
          "range_FTR9_in_global_by_1d_False": 0.034686637761135196,
          "len_std_count_by_non_zero_group_1d": 0.01891998423334647,
          "mean_FTR48_in_global_by_1t_False": 0.02128498226251478,
          "nunique_ratio2range_ftr51_by_30d": 0.011824990145841546,
          "non_zero_count_FTR38_in_global_by_1d_True": 0.017343318880567598,
          "lda_sum_vector_by_1d_False_5_0": 0.02010248324793063,
          "sum_std_count_by_non_zero_group_3d": 0.02798581001182499,
          "sum2std_ftr51_by_7d": 0.01931415057154119,