{
  "result": {
    "best_iteration": [
      1913,
      2502,
      2245,
      1671,
      2451
    ],
    "score_offline": [
      0.944221,
      0.940427,
      0.948376,
      0.951974,
      0.936895
    ],
    "score_mean_offline": 0.9443786,
    "score_std_offline": 0.0053909842737666965,
    "fold_results": [
      {
        "best_iteration": 1913,
        "score_offline": 0.944221,
        "feature_importance_dict": {
          "D7_hua_FTR0_SUM_MAX_s_zhang": 0.029700737686434945,
          "D7_hua_FTR34_SUM_MAX_s_zhang": 0.020294430306349257,
          "ftr51_FTR51_B_CONVERT_NUM_UNIQUE_s_zhang": 0.02432110298618046,
          "lda_mean_vector_by_1d_False_5_1": 0.02177624585252714,
          "lda_std_vector_by_1d_False_5_4": 0.02319363463582772,
          "lda_sum_vector_by_1d_False_5_0": 0.024160036078987212,
          "len_std_count_by_non_zero_group_1d": 0.021840672615404438,
          "len_std_count_by_non_zero_group_3d": 0.023225848017266373,
          "max_ratio_FTR32_in_global_by_1t_False": 0.020648777502174403,
          "max_ratio_FTR42_in_global_by_1t_False": 0.02589955867667429,
          "max_ratio_FTR43_in_global_by_1t_False": 0.026898173501272427,
          "max_ratio_FTR43_in_global_by_3d_False": 0.02248494024417743,
          "max_ratio_FTR47_in_global_by_1t_False": 0.027284734078536224,
          "mean_FTR29_in_global_by_1d_True": 0.02664046644976323,
          "mean_FTR33_in_global_by_7d_False": 0.028154495377379764,
          "mean_FTR34_in_global_by_1t_False": 0.03443610475791644,
          "mean_FTR48_in_global_by_1t_False": 0.027381374222852174,
          "mean_FTR9_in_global_by_15d_False": 0.023547981831652867,
          "new_FTR36_CONVERT_NUM_NO_ZERO_s_zhang": 0.025545211480849143,
          "non_zero_count_FTR33_in_global_by_1d_True": 0.03176239409850852,
          "nunique_ratio2mean_ftr51_by_400d": 0.019585735914698966,
          "range_FTR33_in_global_by_30d_True": 0.027059240408465676,
          "range_FTR36_in_global_by_30d_False": 0.02599619882099024,
          "range_FTR9_in_global_by_1d_False": 0.033244209644686405,
          "raw_FTR30_MAX_s_zhang": 0.02412782269754856,
          "raw_FTR33_SUM_s_zhang": 0.021325258512386046,
          "raw_FTR41_SUM_s_zhang": 0.026479399542569983,
          "raw_FTR42_SUM_s_zhang": 0.02577070515091969,
          "raw_FTR9_MAX_s_zhang": 0.019102535193119222,
          "rolling_sum2max_FTR30_30d": 0.02760686789292272,
          "rolling_sum2max_FTR33_45d": 0.02264600715137068,
          "rolling_sum2max_FTR33_7d": 0.03279322230454531,
          "rolling_sumratio2max_FTR41_45d": 0.03137583352124473,
          "rolling_sumratio2max_FTR43_15d": 0.030699352511033083,
          "std_FTR30_in_global_by_7d_True": 0.02254936700705473,
          "std_FTR35_in_global_by_15d_False": 0.023547981831652867,
          "std_FTR48_in_global_by_15d_False": 0.025802918532358343,
          "sum_std_count_by_non_zero_group_3d": 0.027510227748606772,
          "year_count_max_s_zhang": 0.02358019521309152
        }
      },
      {
        "best_iteration": 2502,
        "score_offline": 0.940427,
        "feature_importance_dict": {
          "D7_hua_FTR0_SUM_MAX_s_zhang": 0.026815083813583853,
          "D7_hua_FTR34_SUM_MAX_s_zhang": 0.027867687692429147,
          "ftr51_FTR51_B_CONVERT_NUM_UNIQUE_s_zhang": 0.028341359437909528,
          "lda_mean_vector_by_1d_False_5_1": 0.02676245361964159,
          "lda_std_vector_by_1d_False_5_4": 0.02184153048603984,
          "lda_sum_vector_by_1d_False_5_0": 0.02510460251046025,
          "len_std_count_by_non_zero_group_1d": 0.019367911370753402,
          "len_std_count_by_non_zero_group_3d": 0.020683666219310018,
          "max_ratio_FTR32_in_global_by_1t_False": 0.024209889213441752,
          "max_ratio_FTR42_in_global_by_1t_False": 0.028525565116707455,
          "max_ratio_FTR43_in_global_by_1t_False": 0.025025657219546853,
          "max_ratio_FTR43_in_global_by_3d_False": 0.02736770084997763,
          "max_ratio_FTR47_in_global_by_1t_False": 0.02805189337122707,
          "mean_FTR29_in_global_by_1d_True": 0.025130917607431382,
          "mean_FTR33_in_global_by_7d_False": 0.02576247993473856,
          "mean_FTR34_in_global_by_1t_False": 0.035709586589826585,
          "mean_FTR48_in_global_by_1t_False": 0.026683508328728192,
          "mean_FTR9_in_global_by_15d_False": 0.026183521486276676,
          "new_FTR36_CONVERT_NUM_NO_ZERO_s_zhang": 0.022578353201231548,
          "non_zero_count_FTR33_in_global_by_1d_True": 0.029657114286466144,
          "nunique_ratio2mean_ftr51_by_400d": 0.021578379516328516,
          "range_FTR33_in_global_by_30d_True": 0.026051946001421016,
          "range_FTR36_in_global_by_30d_False": 0.025630904449882898,
          "range_FTR9_in_global_by_1d_False": 0.030420252098628982,
          "raw_FTR30_MAX_s_zhang": 0.020631036025367755,
          "raw_FTR33_SUM_s_zhang": 0.02318360043156759,
          "raw_FTR41_SUM_s_zhang": 0.021315228546617195,
          "raw_FTR42_SUM_s_zhang": 0.021762585195126444,
          "raw_FTR9_MAX_s_zhang": 0.020183679376858502,
          "rolling_sum2max_FTR30_30d": 0.02542038367411384,
          "rolling_sum2max_FTR33_45d": 0.022657298492144942,
          "rolling_sum2max_FTR33_7d": 0.031893897529012394,
          "rolling_sumratio2max_FTR41_45d": 0.033814899607905055,
          "rolling_sumratio2max_FTR43_15d": 0.031236020104734086,
          "std_FTR30_in_global_by_7d_True": 0.02428883450435515,
          "std_FTR35_in_global_by_15d_False": 0.02981500486829294,
          "std_FTR48_in_global_by_15d_False": 0.02194679087392437,
          "sum_std_count_by_non_zero_group_3d": 0.02486776663772006,
          "year_count_max_s_zhang": 0.021631009710270783
        }
      },
      {
        "best_iteration": 2245,
        "score_offline": 0.948376,
        "feature_importance_dict": {
          "D7_hua_FTR0_SUM_MAX_s_zhang": 0.02981275599765945,
          "D7_hua_FTR34_SUM_MAX_s_zhang": 0.02636044470450556,
          "ftr51_FTR51_B_CONVERT_NUM_UNIQUE_s_zhang": 0.026477472205968404,
          "lda_mean_vector_by_1d_False_5_1": 0.024078408425980104,
          "lda_std_vector_by_1d_False_5_4": 0.023054417788180223,
          "lda_sum_vector_by_1d_False_5_0": 0.021650087770626096,
          "len_std_count_by_non_zero_group_1d": 0.022586307782328847,
          "len_std_count_by_non_zero_group_3d": 0.023112931538911644,
          "max_ratio_FTR32_in_global_by_1t_False": 0.027472205968402573,
          "max_ratio_FTR42_in_global_by_1t_False": 0.02919836161497952,
          "max_ratio_FTR43_in_global_by_1t_False": 0.024517261556465768,
          "max_ratio_FTR43_in_global_by_3d_False": 0.02241076653013458,
          "max_ratio_FTR47_in_global_by_1t_False": 0.030836746635459333,
          "mean_FTR29_in_global_by_1d_True": 0.02761849034523113,
          "mean_FTR33_in_global_by_7d_False": 0.02361029842012873,
          "mean_FTR34_in_global_by_1t_False": 0.03270918665886483,
          "mean_FTR48_in_global_by_1t_False": 0.023727325921591574,
          "mean_FTR9_in_global_by_15d_False": 0.023376243417203044,
          "new_FTR36_CONVERT_NUM_NO_ZERO_s_zhang": 0.023142188414277357,
          "non_zero_count_FTR33_in_global_by_1d_True": 0.029461673493270918,
          "nunique_ratio2mean_ftr51_by_400d": 0.02261556465769456,
          "range_FTR33_in_global_by_30d_True": 0.02662375658279696,
          "range_FTR36_in_global_by_30d_False": 0.02618490345231129,
          "range_FTR9_in_global_by_1d_False": 0.03425980105324751,
          "raw_FTR30_MAX_s_zhang": 0.02270333528379169,
          "raw_FTR33_SUM_s_zhang": 0.02080163838502048,
          "raw_FTR41_SUM_s_zhang": 0.024078408425980104,
          "raw_FTR42_SUM_s_zhang": 0.019953188999414864,
          "raw_FTR9_MAX_s_zhang": 0.021357519016968987,
          "rolling_sum2max_FTR30_30d": 0.021825629022820363,
          "rolling_sum2max_FTR33_45d": 0.025307197191339965,
          "rolling_sum2max_FTR33_7d": 0.03519602106495026,