{
  "result": {
    "best_iteration": [
      3826,
      2004,
      2542,
      2453,
      3625
    ],
    "score_offline": [
      0.940698,
      0.937025,
      0.944032,
      0.948394,
      0.929603
    ],
    "score_mean_offline": 0.9399504000000001,
    "score_std_offline": 0.006389669744204313,
    "fold_results": [
      {
        "best_iteration": 3826,
        "score_offline": 0.940698,
        "feature_importance_dict": {
          "range_FTR33_in_global_by_30d_True": 0.03742523085819614,
          "rolling_sum2max_FTR30_30d": 0.04821367258796104,
          "non_zero_count_FTR33_in_global_by_1d_True": 0.04037081880116378,
          "sum_FTR33_in_global_by_1t_False": 0.03402786562336231,
          "max_ratio_FTR43_in_global_by_3d_False": 0.0340640078067116,
          "max_ratio_FTR32_in_global_by_1t_False": 0.04026239225111589,
          "rolling_sum2max_FTR33_7d": 0.04698483835408497,
          "mean_FTR29_in_global_by_1d_True": 0.03335923523140033,
          "range_FTR36_in_global_by_30d_False": 0.03661203173283698,
          "rolling_sumratio2max_FTR41_45d": 0.047617326562697654,
          "mean_FTR9_in_global_by_15d_False": 0.039033558017239824,
          "mean_FTR34_in_global_by_1t_False": 0.05052677232231599,
          "max_ratio_FTR47_in_global_by_1t_False": 0.04561143538681172,
          "max_ratio_FTR42_in_global_by_1t_False": 0.039991325875996166,
          "max_ratio_FTR43_in_global_by_1t_False": 0.040931022643077866,
          "sum_std_count_by_non_zero_group_3d": 0.03926848220901025,
          "std_FTR48_in_global_by_15d_False": 0.04125630229322153,
          "sum_FTR41_in_global_by_1t_False": 0.03854563854202432,
          "range_FTR9_in_global_by_1d_False": 0.04931600918011457,
          "len_std_count_by_non_zero_group_3d": 0.03464228274030034,
          "rolling_sumratio2max_FTR43_15d": 0.04548493774508918,
          "lda_sum_vector_by_1d_False_20_3": 0.06702567902126967,
          "sum_FTR42_in_global_by_1t_False": 0.03482299365704682,
          "rolling_sum2max_FTR33_45d": 0.03460614055695105
        }
      },
      {
        "best_iteration": 2004,
        "score_offline": 0.937025,
        "feature_importance_dict": {
          "range_FTR33_in_global_by_30d_True": 0.03918125287885767,
          "rolling_sum2max_FTR30_30d": 0.04162828189774297,
          "non_zero_count_FTR33_in_global_by_1d_True": 0.0426070935052971,
          "sum_FTR33_in_global_by_1t_False": 0.040505527406725014,
          "max_ratio_FTR43_in_global_by_3d_False": 0.03929640718562874,
          "max_ratio_FTR32_in_global_by_1t_False": 0.04082220175034546,
          "rolling_sum2max_FTR33_7d": 0.04508291110087517,
          "mean_FTR29_in_global_by_1d_True": 0.03716605251036389,
          "range_FTR36_in_global_by_30d_False": 0.03463265776140027,
          "rolling_sumratio2max_FTR41_45d": 0.04649355135882082,
          "mean_FTR9_in_global_by_15d_False": 0.04401773376324274,
          "mean_FTR34_in_global_by_1t_False": 0.05418010133578996,
          "max_ratio_FTR47_in_global_by_1t_False": 0.042002533394748964,
          "max_ratio_FTR42_in_global_by_1t_False": 0.035179640718562874,
          "max_ratio_FTR43_in_global_by_1t_False": 0.04620566559189314,
          "sum_std_count_by_non_zero_group_3d": 0.03771303546752649,
          "std_FTR48_in_global_by_15d_False": 0.03785697835099033,
          "sum_FTR41_in_global_by_1t_False": 0.03230078304928604,
          "range_FTR9_in_global_by_1d_False": 0.04516927683095348,
          "len_std_count_by_non_zero_group_3d": 0.029076462459695994,
          "rolling_sumratio2max_FTR43_15d": 0.04479502533394749,
          "lda_sum_vector_by_1d_False_20_3": 0.07620336250575771,
          "sum_FTR42_in_global_by_1t_False": 0.032962920313219714,
          "rolling_sum2max_FTR33_45d": 0.034920543528327956
        }
      },
      {
        "best_iteration": 2542,
        "score_offline": 0.944032,
        "feature_importance_dict": {
          "range_FTR33_in_global_by_30d_True": 0.037976881480379025,
          "rolling_sum2max_FTR30_30d": 0.04053182517239669,
          "non_zero_count_FTR33_in_global_by_1d_True": 0.04420300639976187,
          "sum_FTR33_in_global_by_1t_False": 0.03562038001686759,
          "max_ratio_FTR43_in_global_by_3d_False": 0.033710373567495164,
          "max_ratio_FTR32_in_global_by_1t_False": 0.044004564171255645,
          "rolling_sum2max_FTR33_7d": 0.0478245770700005,
          "mean_FTR29_in_global_by_1d_True": 0.03852259760877114,
          "range_FTR36_in_global_by_30d_False": 0.036811033387904944,
          "rolling_sumratio2max_FTR41_45d": 0.043954953614129086,
          "mean_FTR9_in_global_by_15d_False": 0.036711812273651834,
          "mean_FTR34_in_global_by_1t_False": 0.05042913131914471,
          "max_ratio_FTR47_in_global_by_1t_False": 0.045294438656546115,
          "max_ratio_FTR42_in_global_by_1t_False": 0.04011013543682095,
          "max_ratio_FTR43_in_global_by_1t_False": 0.045517686163615616,
          "sum_std_count_by_non_zero_group_3d": 0.041052736022225526,
          "std_FTR48_in_global_by_15d_False": 0.03584362752393709,
          "sum_FTR41_in_global_by_1t_False": 0.03817532370888525,
          "range_FTR9_in_global_by_1d_False": 0.05057796299052438,
          "len_std_count_by_non_zero_group_3d": 0.03430570025301384,
          "rolling_sumratio2max_FTR43_15d": 0.0431363794215409,
          "lda_sum_vector_by_1d_False_20_3": 0.06831373716326834,
          "sum_FTR42_in_global_by_1t_False": 0.031949198789502406,
          "rolling_sum2max_FTR33_45d": 0.03542193778836136
        }
      },
      {
        "best_iteration": 2453,
        "score_offline": 0.948394,
        "feature_importance_dict": {
          "range_FTR33_in_global_by_30d_True": 0.03380638621388748,
          "rolling_sum2max_FTR30_30d": 0.04746578813988849,
          "non_zero_count_FTR33_in_global_by_1d_True": 0.04186517992904207,
          "sum_FTR33_in_global_by_1t_False": 0.03667004561581348,
          "max_ratio_FTR43_in_global_by_3d_False": 0.0415864166244298,
          "max_ratio_FTR32_in_global_by_1t_False": 0.04080081094779524,
          "rolling_sum2max_FTR33_7d": 0.04668018246325393,
          "mean_FTR29_in_global_by_1d_True": 0.034693360364926505,
          "range_FTR36_in_global_by_30d_False": 0.039660415610745056,
          "rolling_sumratio2max_FTR41_45d": 0.045362392295995944,
          "mean_FTR9_in_global_by_15d_False": 0.04016725798276736,
          "mean_FTR34_in_global_by_1t_False": 0.0505068423720223,
          "max_ratio_FTR47_in_global_by_1t_False": 0.04822605169792195,
          "max_ratio_FTR42_in_global_by_1t_False": 0.03530157121135327,
          "max_ratio_FTR43_in_global_by_1t_False": 0.04401926001013685,
          "sum_std_count_by_non_zero_group_3d": 0.03682209832742017,
          "std_FTR48_in_global_by_15d_False": 0.038139888494678156,
          "sum_FTR41_in_global_by_1t_False": 0.03743030917384693,
          "range_FTR9_in_global_by_1d_False": 0.05076026355803345,
          "len_std_count_by_non_zero_group_3d": 0.03094272681196148,
          "rolling_sumratio2max_FTR43_15d": 0.04488089204257476,
          "lda_sum_vector_by_1d_False_20_3": 0.06558540293968576,
          "sum_FTR42_in_global_by_1t_False": 0.03601115053218449,
          "rolling_sum2max_FTR33_45d": 0.03261530663963507
        }
      },
      {
        "best_iteration": 3625,
        "score_offline": 0.929603,
        "feature_importance_dict": {
          "range_FTR33_in_global_by_30d_True": 0.03394063227197911,
          "rolling_sum2max_FTR30_30d": 0.04147038235238474,
          "non_zero_count_FTR33_in_global_by_1d_True": 0.03978659401782167,
          "sum_FTR33_in_global_by_1t_False": 0.034186578882645625,
          "max_ratio_FTR43_in_global_by_3d_False": 0.0406001097300263,
          "max_ratio_FTR32_in_global_by_1t_False": 0.04816769775053446,
          "rolling_sum2max_FTR33_7d": 0.03768658834213066,
          "mean_FTR29_in_global_by_1d_True": 0.03475414798418374,