{
  "result": {
    "best_iteration": [
      2321,
      1935,
      2618,
      1808,
      3690
    ],
    "score_offline": [
      0.945903,
      0.934517,
      0.94502,
      0.949763,
      0.931964
    ],
    "score_mean_offline": 0.9414334,
    "score_std_offline": 0.006924296140403004,
    "fold_results": [
      {
        "best_iteration": 2321,
        "score_offline": 0.945903,
        "feature_importance_dict": {
          "max_ratio_FTR43_in_global_by_1t_False": 0.02972336668628605,
          "non_zero_count_FTR33_in_global_by_1d_True": 0.030285194499438173,
          "lda_sum_vector_by_1d_False_20_3": 0.04483921023061694,
          "mean_FTR48_in_global_by_1t_False": 0.02988388891861523,
          "mean_FTR9_in_global_by_15d_False": 0.023088447750013376,
          "max_ratio_FTR47_in_global_by_1t_False": 0.03036545561560276,
          "sum_FTR42_in_global_by_1t_False": 0.025951094226550377,
          "lda_sum_vector_by_1d_False_20_12": 0.027395794317512975,
          "std_FTR48_in_global_by_15d_False": 0.02715501096901921,
          "range_FTR36_in_global_by_30d_False": 0.027904114719888705,
          "sum_std_count_by_non_zero_group_3d": 0.028733479586922787,
          "mean_FTR33_in_global_by_7d_False": 0.02549628123495104,
          "max_ratio_FTR42_in_global_by_1t_False": 0.027502809139065762,
          "lda_sum_vector_by_1d_False_20_9": 0.0265129220397025,
          "len_std_count_by_non_zero_group_1d": 0.022901171812296003,
          "rolling_sumratio2max_FTR41_45d": 0.03207769276044732,
          "lda_sum_vector_by_1d_False_20_19": 0.026780459093584463,
          "max_ratio_FTR43_in_global_by_3d_False": 0.023329231098507142,
          "rolling_sum2max_FTR33_45d": 0.023034940339236986,
          "lda_max_vector_by_1d_False_20_18": 0.025389266413398257,
          "len_std_count_by_non_zero_group_3d": 0.02314195516078977,
          "rolling_sumratio2max_FTR43_15d": 0.034646048477714166,
          "sum_FTR41_in_global_by_1t_False": 0.025817325699609397,
          "lda_sum_vector_by_1d_False_20_2": 0.022098560650650113,
          "rolling_sum2max_FTR30_30d": 0.03416448178072663,
          "std_FTR35_in_global_by_15d_False": 0.024961207127187114,
          "mean_FTR29_in_global_by_1d_True": 0.025951094226550377,
          "range_FTR9_in_global_by_1d_False": 0.03932794692064851,
          "lda_sum_vector_by_1d_False_20_6": 0.032719781689764034,
          "std_FTR30_in_global_by_7d_True": 0.02886724811386377,
          "rolling_sum2max_FTR33_7d": 0.03336187061908074,
          "max_ratio_FTR32_in_global_by_1t_False": 0.02621863128043234,
          "sum_FTR33_in_global_by_1t_False": 0.022901171812296003,
          "mean_FTR34_in_global_by_1t_False": 0.04002354326074161,
          "range_FTR33_in_global_by_30d_True": 0.02744930172828937
        }
      },
      {
        "best_iteration": 1935,
        "score_offline": 0.934517,
        "feature_importance_dict": {
          "max_ratio_FTR43_in_global_by_1t_False": 0.031802972296747355,
          "non_zero_count_FTR33_in_global_by_1d_True": 0.030597172399240345,
          "lda_sum_vector_by_1d_False_20_3": 0.043408796310252316,
          "mean_FTR48_in_global_by_1t_False": 0.024236577939890876,
          "mean_FTR9_in_global_by_15d_False": 0.029451662496608688,
          "max_ratio_FTR47_in_global_by_1t_False": 0.027823832634974226,
          "sum_FTR42_in_global_by_1t_False": 0.022970488047508515,
          "lda_sum_vector_by_1d_False_20_12": 0.02532179784764718,
          "std_FTR48_in_global_by_15d_False": 0.023633677991137372,
          "range_FTR36_in_global_by_30d_False": 0.02685919271696862,
          "sum_std_count_by_non_zero_group_3d": 0.027823832634974226,
          "mean_FTR33_in_global_by_7d_False": 0.02610556778102674,
          "max_ratio_FTR42_in_global_by_1t_False": 0.026437162752841165,
          "lda_sum_vector_by_1d_False_20_9": 0.03201398727881108,
          "len_std_count_by_non_zero_group_1d": 0.021161788201248,
          "rolling_sumratio2max_FTR41_45d": 0.03249630723781388,
          "lda_sum_vector_by_1d_False_20_19": 0.027070207699032345,
          "max_ratio_FTR43_in_global_by_3d_False": 0.02963253248123474,
          "rolling_sum2max_FTR33_45d": 0.024236577939890876,
          "lda_max_vector_by_1d_False_20_18": 0.028577457570916107,
          "len_std_count_by_non_zero_group_3d": 0.02119193319868568,
          "rolling_sumratio2max_FTR43_15d": 0.03337051216350646,
          "sum_FTR41_in_global_by_1t_False": 0.020709613239682876,
          "lda_sum_vector_by_1d_False_20_2": 0.03195369728393573,
          "rolling_sum2max_FTR30_30d": 0.028456877581165406,
          "std_FTR35_in_global_by_15d_False": 0.029331082506857988,
          "mean_FTR29_in_global_by_1d_True": 0.028155427606788654,
          "range_FTR9_in_global_by_1d_False": 0.03337051216350646,
          "lda_sum_vector_by_1d_False_20_6": 0.036656316884213065,
          "std_FTR30_in_global_by_7d_True": 0.027281222681096073,
          "rolling_sum2max_FTR33_7d": 0.027914267627287253,
          "max_ratio_FTR32_in_global_by_1t_False": 0.027853977632411903,
          "sum_FTR33_in_global_by_1t_False": 0.025110782865583457,
          "mean_FTR34_in_global_by_1t_False": 0.039067916679227085,
          "range_FTR33_in_global_by_30d_True": 0.027914267627287253
        }
      },
      {
        "best_iteration": 2618,
        "score_offline": 0.94502,
        "feature_importance_dict": {
          "max_ratio_FTR43_in_global_by_1t_False": 0.031427526514689746,
          "non_zero_count_FTR33_in_global_by_1d_True": 0.029038156771912713,
          "lda_sum_vector_by_1d_False_20_3": 0.037230281604291114,
          "mean_FTR48_in_global_by_1t_False": 0.02523467024259417,
          "mean_FTR9_in_global_by_15d_False": 0.023284164330123126,
          "max_ratio_FTR47_in_global_by_1t_False": 0.0329635499207607,
          "sum_FTR42_in_global_by_1t_False": 0.021406802389369744,
          "lda_sum_vector_by_1d_False_20_12": 0.027112032183347557,
          "std_FTR48_in_global_by_15d_False": 0.02525905156650006,
          "range_FTR36_in_global_by_30d_False": 0.026721931000853346,
          "sum_std_count_by_non_zero_group_3d": 0.02833109837864196,
          "mean_FTR33_in_global_by_7d_False": 0.022382055345605268,
          "max_ratio_FTR42_in_global_by_1t_False": 0.03035474826283067,
          "lda_sum_vector_by_1d_False_20_9": 0.03128123857125442,
          "len_std_count_by_non_zero_group_1d": 0.02323540168231135,
          "rolling_sumratio2max_FTR41_45d": 0.0315250518103133,
          "lda_sum_vector_by_1d_False_20_19": 0.03179324637327807,
          "max_ratio_FTR43_in_global_by_3d_False": 0.024210654638546873,
          "rolling_sum2max_FTR33_45d": 0.027355845422406436,
          "lda_max_vector_by_1d_False_20_18": 0.02781909057661831,
          "len_std_count_by_non_zero_group_3d": 0.021772522247958063,
          "rolling_sumratio2max_FTR43_15d": 0.035011581128855294,
          "sum_FTR41_in_global_by_1t_False": 0.022820919175911253,
          "lda_sum_vector_by_1d_False_20_2": 0.029160063391442156,
          "rolling_sum2max_FTR30_30d": 0.025307814214311837,
          "std_FTR35_in_global_by_15d_False": 0.027745946604900647,
          "mean_FTR29_in_global_by_1d_True": 0.029672071193465804,
          "range_FTR9_in_global_by_1d_False": 0.03871754236255029,
          "lda_sum_vector_by_1d_False_20_6": 0.03423137876386688,
          "std_FTR30_in_global_by_7d_True": 0.028501767645983177,
          "rolling_sum2max_FTR33_7d": 0.033524320370596127,
          "max_ratio_FTR32_in_global_by_1t_False": 0.029135682067536268,
          "sum_FTR33_in_global_by_1t_False": 0.022894063147628915,
          "mean_FTR34_in_global_by_1t_False": 0.03618188467633793,
          "range_FTR33_in_global_by_30d_True": 0.027355845422406436
        }
      },
      {
        "best_iteration": 1808,
        "score_offline": 0.949763,