{
  "result": {
    "best_iteration": [
      1713,
      2488,
      1645,
      2028,
      3946
    ],
    "score_offline": [
      0.943826,
      0.938973,
      0.946989,
      0.951915,
      0.932345
    ],
    "score_mean_offline": 0.9428096,
    "score_std_offline": 0.006717679885198459,
    "fold_results": [
      {
        "best_iteration": 1713,
        "score_offline": 0.943826,
        "feature_importance_dict": {
          "lda_mean_vector_by_1d_False_5_1": 0.025526742301458672,
          "lda_std_vector_by_1d_False_5_4": 0.02681597171062325,
          "lda_sum_B_vector_by_1d_5_1": 0.02541623692353028,
          "lda_sum_B_vector_by_1d_5_2": 0.02195373508177398,
          "lda_sum_B_vector_by_1d_5_3": 0.02865772800942979,
          "lda_sum_vector_by_1d_False_5_0": 0.023648150876676,
          "len_std_count_by_non_zero_group_1d": 0.02324296449093856,
          "len_std_count_by_non_zero_group_3d": 0.024495358774127007,
          "max_ratio_FTR32_in_global_by_1t_False": 0.022285251215559156,
          "max_ratio_FTR42_in_global_by_1t_False": 0.024237512892294092,
          "max_ratio_FTR43_in_global_by_1t_False": 0.02851038750552527,
          "max_ratio_FTR43_in_global_by_3d_False": 0.02368498600265213,
          "max_ratio_FTR47_in_global_by_1t_False": 0.029210254899071756,
          "mean_FTR29_in_global_by_1d_True": 0.025674082805363194,
          "mean_FTR33_in_global_by_7d_False": 0.027147487844408427,
          "mean_FTR34_in_global_by_1t_False": 0.038013850007367025,
          "mean_FTR48_in_global_by_1t_False": 0.02799469574185944,
          "mean_FTR9_in_global_by_15d_False": 0.023905996758508914,
          "non_zero_count_FTR33_in_global_by_1d_True": 0.03164137321349639,
          "non_zero_count_FTR38_in_global_by_1d_True": 0.019890968027110652,
          "nunique_ratio2mean_ftr51_by_400d": 0.025710917931339325,
          "range_FTR33_in_global_by_30d_True": 0.02939443052895241,
          "range_FTR36_in_global_by_30d_False": 0.02803153086783557,
          "range_FTR9_in_global_by_1d_False": 0.03657728009429792,
          "rolling_sum2max_FTR30_30d": 0.03223073522911448,
          "rolling_sum2max_FTR33_45d": 0.023021953735081774,
          "rolling_sum2max_FTR33_7d": 0.03326211875644615,
          "rolling_sumratio2max_FTR41_45d": 0.0320097244732577,
          "rolling_sumratio2max_FTR43_15d": 0.03127302195373508,
          "std_FTR30_in_global_by_7d_True": 0.024753204655959923,
          "std_FTR35_in_global_by_15d_False": 0.024863710033888316,
          "std_FTR48_in_global_by_15d_False": 0.026521290702814202,
          "sum2mean_ftr51_by_400d": 0.025747753057315456,
          "sum_FTR33_in_global_by_1t_False": 0.023869161632532783,
          "sum_FTR41_in_global_by_1t_False": 0.028326211875644616,
          "sum_FTR42_in_global_by_1t_False": 0.024384853396198614,
          "sum_std_count_by_non_zero_group_3d": 0.028068365993811698
        }
      },
      {
        "best_iteration": 2488,
        "score_offline": 0.938973,
        "feature_importance_dict": {
          "lda_mean_vector_by_1d_False_5_1": 0.029948166634670762,
          "lda_std_vector_by_1d_False_5_4": 0.02523105613909991,
          "lda_sum_B_vector_by_1d_5_1": 0.02671200943422099,
          "lda_sum_B_vector_by_1d_5_2": 0.022543400159065353,
          "lda_sum_B_vector_by_1d_5_3": 0.02706853522749088,
          "lda_sum_vector_by_1d_False_5_0": 0.025121355895016868,
          "len_std_count_by_non_zero_group_1d": 0.021199572169048077,
          "len_std_count_by_non_zero_group_3d": 0.01930724295861558,
          "max_ratio_FTR32_in_global_by_1t_False": 0.02525848120012067,
          "max_ratio_FTR42_in_global_by_1t_False": 0.027178235471573924,
          "max_ratio_FTR43_in_global_by_1t_False": 0.028659188766695005,
          "max_ratio_FTR43_in_global_by_3d_False": 0.029372240353234786,
          "max_ratio_FTR47_in_global_by_1t_False": 0.027809011875051422,
          "mean_FTR29_in_global_by_1d_True": 0.027617036447906095,
          "mean_FTR33_in_global_by_7d_False": 0.02701368510544936,
          "mean_FTR34_in_global_by_1t_False": 0.04009543921235225,
          "mean_FTR48_in_global_by_1t_False": 0.027589611386885336,
          "mean_FTR9_in_global_by_15d_False": 0.027891287058113706,
          "non_zero_count_FTR33_in_global_by_1d_True": 0.029043139620985658,
          "non_zero_count_FTR38_in_global_by_1d_True": 0.019499218385760908,
          "nunique_ratio2mean_ftr51_by_400d": 0.024326029125414803,
          "range_FTR33_in_global_by_30d_True": 0.026849134739324796,
          "range_FTR36_in_global_by_30d_False": 0.027205660532594687,
          "range_FTR9_in_global_by_1d_False": 0.0328552231028714,
          "rolling_sum2max_FTR30_30d": 0.027644461508926858,
          "rolling_sum2max_FTR33_45d": 0.022872500891314484,
          "rolling_sum2max_FTR33_7d": 0.03236157200449771,
          "rolling_sumratio2max_FTR41_45d": 0.03491210267942846,
          "rolling_sumratio2max_FTR43_15d": 0.03216959657735238,
          "std_FTR30_in_global_by_7d_True": 0.029015714559964895,
          "std_FTR35_in_global_by_15d_False": 0.032800372980829884,
          "std_FTR48_in_global_by_15d_False": 0.020925321558840467,
          "sum2mean_ftr51_by_400d": 0.025752132298494365,
          "sum_FTR33_in_global_by_1t_False": 0.025368181444203712,
          "sum_FTR41_in_global_by_1t_False": 0.020925321558840467,
          "sum_FTR42_in_global_by_1t_False": 0.02204974906069166,
          "sum_std_count_by_non_zero_group_3d": 0.027809011875051422
        }
      },
      {
        "best_iteration": 1645,
        "score_offline": 0.946989,
        "feature_importance_dict": {
          "lda_mean_vector_by_1d_False_5_1": 0.02796962643568512,
          "lda_std_vector_by_1d_False_5_4": 0.026672263135803412,
          "lda_sum_B_vector_by_1d_5_1": 0.02968672492082268,
          "lda_sum_B_vector_by_1d_5_2": 0.02674857862403175,
          "lda_sum_B_vector_by_1d_5_3": 0.027130156065173428,
          "lda_sum_vector_by_1d_False_5_0": 0.020986759262792382,
          "len_std_count_by_non_zero_group_1d": 0.02163544091273324,
          "len_std_count_by_non_zero_group_3d": 0.023810432327240814,
          "max_ratio_FTR32_in_global_by_1t_False": 0.02800778417979929,
          "max_ratio_FTR42_in_global_by_1t_False": 0.02758804899454344,
          "max_ratio_FTR43_in_global_by_1t_False": 0.031136719197161065,
          "max_ratio_FTR43_in_global_by_3d_False": 0.02403937879192582,
          "max_ratio_FTR47_in_global_by_1t_False": 0.029266989735566833,
          "mean_FTR29_in_global_by_1d_True": 0.02682489411226008,
          "mean_FTR33_in_global_by_7d_False": 0.024726218185980847,
          "mean_FTR34_in_global_by_1t_False": 0.03754722020834128,
          "mean_FTR48_in_global_by_1t_False": 0.021597283168619072,
          "mean_FTR9_in_global_by_15d_False": 0.022780173236158278,
          "non_zero_count_FTR33_in_global_by_1d_True": 0.030373564314877706,
          "non_zero_count_FTR38_in_global_by_1d_True": 0.01839203266302896,
          "nunique_ratio2mean_ftr51_by_400d": 0.02560384630060671,
          "range_FTR33_in_global_by_30d_True": 0.029076201014995993,
          "range_FTR36_in_global_by_30d_False": 0.029190674247338497,
          "range_FTR9_in_global_by_1d_False": 0.038424848322967144,
          "rolling_sum2max_FTR30_30d": 0.024382798488953333,
          "rolling_sum2max_FTR33_45d": 0.02651963215934674,
          "rolling_sum2max_FTR33_7d": 0.034685389399778686,
          "rolling_sumratio2max_FTR41_45d": 0.03048803754722021,
          "rolling_sumratio2max_FTR43_15d": 0.03319723737932614,
          "std_FTR30_in_global_by_7d_True": 0.025451215324150036,
          "std_FTR35_in_global_by_15d_False": 0.02915251650322433,
          "std_FTR48_in_global_by_15d_False": 0.02213149158621742,
          "sum2mean_ftr51_by_400d": 0.02720647155340176,
          "sum_FTR33_in_global_by_1t_False": 0.02216964933033159,