{
  "result": {
    "best_iteration": [
      121,
      229,
      149,
      190,
      286
    ],
    "score_offline": [
      0.941536,
      0.939678,
      0.947422,
      0.951757,
      0.93527
    ],
    "score_mean_offline": 0.9431326,
    "score_std_offline": 0.005815205915528672,
    "fold_results": [
      {
        "best_iteration": 121,
        "score_offline": 0.941536,
        "feature_importance_dict": {
          "range_FTR9_in_global_by_1d_False": 0.037666513550757924,
          "sum_std_count_by_non_zero_group_3d": 0.03812586127698668,
          "nunique_ratio2mean_ftr51_by_400d": 0.029857602204869087,
          "lda_std_vector_by_1d_False_5_4": 0.03307303628847037,
          "sum2mean_ftr51_by_400d": 0.03950390445567294,
          "std_FTR30_in_global_by_7d_True": 0.03123564538355535,
          "lda_mean_vector_by_1d_False_5_1": 0.02847955902618282,
          "max_ratio_FTR47_in_global_by_1t_False": 0.034451079467156635,
          "sum_FTR41_in_global_by_1t_False": 0.03904455672944419,
          "mean_FTR48_in_global_by_1t_False": 0.028020211299954065,
          "rolling_sumratio2max_FTR41_45d": 0.03628847037207166,
          "mean_FTR9_in_global_by_15d_False": 0.02388608176389527,
          "range_FTR36_in_global_by_30d_False": 0.017455213596692696,
          "mean_FTR34_in_global_by_1t_False": 0.02939825447864033,
          "lda_sum_vector_by_1d_False_5_0": 0.02847955902618282,
          "rolling_sum2max_FTR30_30d": 0.02847955902618282,
          "sum_FTR42_in_global_by_1t_False": 0.027101515847496555,
          "max_ratio_FTR42_in_global_by_1t_False": 0.021129995406522738,
          "std_FTR35_in_global_by_15d_False": 0.02388608176389527,
          "max_ratio_FTR43_in_global_by_1t_False": 0.032613688562241616,
          "std_FTR48_in_global_by_15d_False": 0.025264124942581533,
          "rolling_sum2max_FTR33_7d": 0.03491042719338539,
          "len_std_count_by_non_zero_group_3d": 0.02847955902618282,
          "non_zero_count_FTR33_in_global_by_1d_True": 0.02939825447864033,
          "max_ratio_FTR43_in_global_by_3d_False": 0.02480477721635278,
          "rolling_sumratio2max_FTR43_15d": 0.032613688562241616,
          "sum_FTR33_in_global_by_1t_False": 0.027101515847496555,
          "non_zero_count_FTR38_in_global_by_1d_True": 0.021129995406522738,
          "len_std_count_by_non_zero_group_1d": 0.02847955902618282,
          "mean_FTR29_in_global_by_1d_True": 0.02756086357372531,
          "mean_FTR33_in_global_by_7d_False": 0.026182820395039046,
          "range_FTR33_in_global_by_30d_True": 0.03031694993109784,
          "max_ratio_FTR32_in_global_by_1t_False": 0.03031694993109784,
          "rolling_sum2max_FTR33_45d": 0.025264124942581533
        }
      },
      {
        "best_iteration": 229,
        "score_offline": 0.939678,
        "feature_importance_dict": {
          "range_FTR9_in_global_by_1d_False": 0.031068524970963997,
          "sum_std_count_by_non_zero_group_3d": 0.029616724738675958,
          "nunique_ratio2mean_ftr51_by_400d": 0.024099883855981417,
          "lda_std_vector_by_1d_False_5_4": 0.029907084785133566,
          "sum2mean_ftr51_by_400d": 0.03571428571428571,
          "std_FTR30_in_global_by_7d_True": 0.027874564459930314,
          "lda_mean_vector_by_1d_False_5_1": 0.037456445993031356,
          "max_ratio_FTR47_in_global_by_1t_False": 0.029907084785133566,
          "sum_FTR41_in_global_by_1t_False": 0.023519163763066203,
          "mean_FTR48_in_global_by_1t_False": 0.028455284552845527,
          "rolling_sumratio2max_FTR41_45d": 0.036004645760743324,
          "mean_FTR9_in_global_by_15d_False": 0.0272938443670151,
          "range_FTR36_in_global_by_30d_False": 0.028164924506387922,
          "mean_FTR34_in_global_by_1t_False": 0.040360046457607435,
          "lda_sum_vector_by_1d_False_5_0": 0.029907084785133566,
          "rolling_sum2max_FTR30_30d": 0.02700348432055749,
          "sum_FTR42_in_global_by_1t_False": 0.02497096399535424,
          "max_ratio_FTR42_in_global_by_1t_False": 0.030197444831591175,
          "std_FTR35_in_global_by_15d_False": 0.03339140534262486,
          "max_ratio_FTR43_in_global_by_1t_False": 0.031068524970963997,
          "std_FTR48_in_global_by_15d_False": 0.01916376306620209,
          "rolling_sum2max_FTR33_7d": 0.040940766550522645,
          "len_std_count_by_non_zero_group_3d": 0.024390243902439025,
          "non_zero_count_FTR33_in_global_by_1d_True": 0.032229965156794424,
          "max_ratio_FTR43_in_global_by_3d_False": 0.029036004645760744,
          "rolling_sumratio2max_FTR43_15d": 0.031068524970963997,
          "sum_FTR33_in_global_by_1t_False": 0.029907084785133566,
          "non_zero_count_FTR38_in_global_by_1d_True": 0.02003484320557491,
          "len_std_count_by_non_zero_group_1d": 0.02032520325203252,
          "mean_FTR29_in_global_by_1d_True": 0.027584204413472705,
          "mean_FTR33_in_global_by_7d_False": 0.02932636469221835,
          "range_FTR33_in_global_by_30d_True": 0.027584204413472705,
          "max_ratio_FTR32_in_global_by_1t_False": 0.03426248548199768,
          "rolling_sum2max_FTR33_45d": 0.028164924506387922
        }
      },
      {
        "best_iteration": 149,
        "score_offline": 0.947422,
        "feature_importance_dict": {
          "range_FTR9_in_global_by_1d_False": 0.03801051354630004,
          "sum_std_count_by_non_zero_group_3d": 0.03113627173473514,
          "nunique_ratio2mean_ftr51_by_400d": 0.03356247472705216,
          "lda_std_vector_by_1d_False_5_4": 0.0303275374039628,
          "sum2mean_ftr51_by_400d": 0.04084108370400324,
          "std_FTR30_in_global_by_7d_True": 0.029518803073190457,
          "lda_mean_vector_by_1d_False_5_1": 0.03113627173473514,
          "max_ratio_FTR47_in_global_by_1t_False": 0.029114435907804288,
          "sum_FTR41_in_global_by_1t_False": 0.03356247472705216,
          "mean_FTR48_in_global_by_1t_False": 0.023453295592397897,
          "rolling_sumratio2max_FTR41_45d": 0.03801051354630004,
          "mean_FTR9_in_global_by_15d_False": 0.02547513141932875,
          "range_FTR36_in_global_by_30d_False": 0.023857662757784066,
          "mean_FTR34_in_global_by_1t_False": 0.04326728669632026,
          "lda_sum_vector_by_1d_False_5_0": 0.022644561261625555,
          "rolling_sum2max_FTR30_30d": 0.02507076425394258,
          "sum_FTR42_in_global_by_1t_False": 0.021835826930853213,
          "max_ratio_FTR42_in_global_by_1t_False": 0.0343712090578245,
          "std_FTR35_in_global_by_15d_False": 0.030731904569348968,
          "max_ratio_FTR43_in_global_by_1t_False": 0.032753740396279825,
          "std_FTR48_in_global_by_15d_False": 0.01940962393853619,
          "rolling_sum2max_FTR33_7d": 0.03113627173473514,
          "len_std_count_by_non_zero_group_3d": 0.02547513141932875,
          "non_zero_count_FTR33_in_global_by_1d_True": 0.034775576223210675,
          "max_ratio_FTR43_in_global_by_3d_False": 0.02668823291548726,
          "rolling_sumratio2max_FTR43_15d": 0.028305701577031946,
          "sum_FTR33_in_global_by_1t_False": 0.02426202992317024,
          "non_zero_count_FTR38_in_global_by_1d_True": 0.022240194096239386,
          "len_std_count_by_non_zero_group_1d": 0.027092600080873434,
          "mean_FTR29_in_global_by_1d_True": 0.02507076425394258,
          "mean_FTR33_in_global_by_7d_False": 0.023048928427011728,
          "range_FTR33_in_global_by_30d_True": 0.034775576223210675,
          "max_ratio_FTR32_in_global_by_1t_False": 0.027901334411645773,
          "rolling_sum2max_FTR33_45d": 0.03113627173473514
        }
      },
      {
        "best_iteration": 190,
        "score_offline": 0.951757,
        "feature_importance_dict": {
          "range_FTR9_in_global_by_1d_False": 0.044232732221844165,
          "sum_std_count_by_non_zero_group_3d": 0.030622660768969037,
          "nunique_ratio2mean_ftr51_by_400d": 0.028921401837359646,
          "lda_std_vector_by_1d_False_5_4": 0.03572643756379721,