{
  "result": {
    "best_iteration": [
      161,
      292,
      160,
      246,
      269
    ],
    "score_offline": [
      0.944826,
      0.93963,
      0.945871,
      0.952049,
      0.941292
    ],
    "score_mean_offline": 0.9447336,
    "score_std_offline": 0.004306010617729612,
    "fold_results": [
      {
        "best_iteration": 161,
        "score_offline": 0.944826,
        "feature_importance_dict": {
          "mean_FTR29_in_global_by_1d_True": 0.02942231790455687,
          "max_ratio_FTR47_in_global_by_1t_False": 0.02691065662002153,
          "std_FTR35_in_global_by_15d_False": 0.02798708288482239,
          "range_FTR9_in_global_by_1d_False": 0.02978112665949049,
          "raw_FTR9_MAX": 0.01794043774668102,
          "max_ratio_FTR43_in_global_by_1t_False": 0.02942231790455687,
          "raw_FTR41_SUM": 0.03265159669895946,
          "raw_FTR33_SUM": 0.026551847865087908,
          "lda_sum_vector_by_1d_False_5_0": 0.020810907786149982,
          "rolling_sum2max_FTR30_30d": 0.02726946537495515,
          "D7_hua_FTR34_SUM_MAX": 0.026551847865087908,
          "mean_FTR48_in_global_by_1t_False": 0.03336921420882669,
          "max_ratio_FTR43_in_global_by_3d_False": 0.022963760315751706,
          "mean_FTR34_in_global_by_1t_False": 0.03336921420882669,
          "D7_hua_FTR0_SUM_MAX": 0.02834589163975601,
          "lda_std_vector_by_1d_False_5_4": 0.021528525296017224,
          "new_FTR36_CONVERT_NUM_NO_ZERO": 0.027628274129888768,
          "rolling_sumratio2max_FTR41_45d": 0.03157517043415859,
          "nunique_ratio2mean_ftr51_by_400d": 0.024040186580552566,
          "std_FTR30_in_global_by_7d_True": 0.021887334050950842,
          "std_FTR48_in_global_by_15d_False": 0.022246142805884463,
          "ftr51_FTR51_B_CONVERT_NUM_UNIQUE": 0.024398995335486187,
          "len_std_count_by_non_zero_group_1d": 0.022604951560818085,
          "mean_FTR9_in_global_by_15d_False": 0.0193756727664155,
          "max_ratio_FTR32_in_global_by_1t_False": 0.021887334050950842,
          "range_FTR36_in_global_by_30d_False": 0.022246142805884463,
          "rolling_sum2max_FTR33_45d": 0.017222820236813777,
          "raw_FTR42_SUM": 0.02834589163975601,
          "max_ratio_FTR42_in_global_by_1t_False": 0.024398995335486187,
          "rolling_sum2max_FTR33_7d": 0.034086831718693936,
          "range_FTR33_in_global_by_30d_True": 0.03229278794402583,
          "rolling_sumratio2max_FTR43_15d": 0.025475421600287047,
          "non_zero_count_FTR33_in_global_by_1d_True": 0.02870470039468963,
          "mean_FTR33_in_global_by_7d_False": 0.030139935414424113,
          "raw_FTR30_MAX": 0.01829924650161464,
          "lda_mean_vector_by_1d_False_5_1": 0.02045209903121636,
          "len_std_count_by_non_zero_group_3d": 0.022604951560818085,
          "sum_std_count_by_non_zero_group_3d": 0.022246142805884463,
          "year_count_max": 0.022963760315751706
        }
      },
      {
        "best_iteration": 292,
        "score_offline": 0.93963,
        "feature_importance_dict": {
          "mean_FTR29_in_global_by_1d_True": 0.026882966396292004,
          "max_ratio_FTR47_in_global_by_1t_False": 0.026651216685979143,
          "std_FTR35_in_global_by_15d_False": 0.03198146002317497,
          "range_FTR9_in_global_by_1d_False": 0.03082271147161066,
          "raw_FTR9_MAX": 0.019698725376593278,
          "max_ratio_FTR43_in_global_by_1t_False": 0.027346465816917728,
          "raw_FTR41_SUM": 0.018076477404403244,
          "raw_FTR33_SUM": 0.023174971031286212,
          "lda_sum_vector_by_1d_False_5_0": 0.021552723059096175,
          "rolling_sum2max_FTR30_30d": 0.02641946697566628,
          "D7_hua_FTR34_SUM_MAX": 0.025724217844727695,
          "mean_FTR48_in_global_by_1t_False": 0.028968713789107765,
          "max_ratio_FTR43_in_global_by_3d_False": 0.026651216685979143,
          "mean_FTR34_in_global_by_1t_False": 0.03522595596755504,
          "D7_hua_FTR0_SUM_MAX": 0.024565469293163382,
          "lda_std_vector_by_1d_False_5_4": 0.022247972190034764,
          "new_FTR36_CONVERT_NUM_NO_ZERO": 0.02108922363847045,
          "rolling_sumratio2max_FTR41_45d": 0.03592120509849363,
          "nunique_ratio2mean_ftr51_by_400d": 0.022479721900347624,
          "std_FTR30_in_global_by_7d_True": 0.024565469293163382,
          "std_FTR48_in_global_by_15d_False": 0.020625724217844726,
          "ftr51_FTR51_B_CONVERT_NUM_UNIQUE": 0.02618771726535342,
          "len_std_count_by_non_zero_group_1d": 0.01993047508690614,
          "mean_FTR9_in_global_by_15d_False": 0.02526071842410197,
          "max_ratio_FTR32_in_global_by_1t_False": 0.027809965237543453,
          "range_FTR36_in_global_by_30d_False": 0.0305909617612978,
          "rolling_sum2max_FTR33_45d": 0.021552723059096175,
          "raw_FTR42_SUM": 0.019003476245654693,
          "max_ratio_FTR42_in_global_by_1t_False": 0.031054461181923523,
          "rolling_sum2max_FTR33_7d": 0.029432213209733486,
          "range_FTR33_in_global_by_30d_True": 0.027809965237543453,
          "rolling_sumratio2max_FTR43_15d": 0.027578215527230592,
          "non_zero_count_FTR33_in_global_by_1d_True": 0.03337195828505214,
          "mean_FTR33_in_global_by_7d_False": 0.02410196987253766,
          "raw_FTR30_MAX": 0.02294322132097335,
          "lda_mean_vector_by_1d_False_5_1": 0.026651216685979143,
          "len_std_count_by_non_zero_group_3d": 0.020625724217844726,
          "sum_std_count_by_non_zero_group_3d": 0.02294322132097335,
          "year_count_max": 0.022479721900347624
        }
      },
      {
        "best_iteration": 160,
        "score_offline": 0.945871,
        "feature_importance_dict": {
          "mean_FTR29_in_global_by_1d_True": 0.021564327485380116,
          "max_ratio_FTR47_in_global_by_1t_False": 0.025219298245614034,
          "std_FTR35_in_global_by_15d_False": 0.02412280701754386,
          "range_FTR9_in_global_by_1d_False": 0.0402046783625731,
          "raw_FTR9_MAX": 0.02010233918128655,
          "max_ratio_FTR43_in_global_by_1t_False": 0.02448830409356725,
          "raw_FTR41_SUM": 0.023757309941520467,
          "raw_FTR33_SUM": 0.028143274853801168,
          "lda_sum_vector_by_1d_False_5_0": 0.020833333333333332,
          "rolling_sum2max_FTR30_30d": 0.021929824561403508,
          "D7_hua_FTR34_SUM_MAX": 0.02412280701754386,
          "mean_FTR48_in_global_by_1t_False": 0.021929824561403508,
          "max_ratio_FTR43_in_global_by_3d_False": 0.023391812865497075,
          "mean_FTR34_in_global_by_1t_False": 0.029970760233918127,
          "D7_hua_FTR0_SUM_MAX": 0.0266812865497076,
          "lda_std_vector_by_1d_False_5_4": 0.024853801169590642,
          "new_FTR36_CONVERT_NUM_NO_ZERO": 0.029605263157894735,
          "rolling_sumratio2max_FTR41_45d": 0.027046783625730993,
          "nunique_ratio2mean_ftr51_by_400d": 0.023026315789473683,
          "std_FTR30_in_global_by_7d_True": 0.025219298245614034,
          "std_FTR48_in_global_by_15d_False": 0.02010233918128655,
          "ftr51_FTR51_B_CONVERT_NUM_UNIQUE": 0.03033625730994152,
          "len_std_count_by_non_zero_group_1d": 0.020833333333333332,
          "mean_FTR9_in_global_by_15d_False": 0.019736842105263157,
          "max_ratio_FTR32_in_global_by_1t_False": 0.025584795321637425,
          "range_FTR36_in_global_by_30d_False": 0.027777777777777776,
          "rolling_sum2max_FTR33_45d": 0.021564327485380116,
          "raw_FTR42_SUM": 0.021564327485380116,
          "max_ratio_FTR42_in_global_by_1t_False": 0.031432748538011694,
          "rolling_sum2max_FTR33_7d": 0.03289473684210526,
          "range_FTR33_in_global_by_30d_True": 0.035818713450292396,
          "rolling_sumratio2max_FTR43_15d": 0.025950292397660817,
          "non_zero_count_FTR33_in_global_by_1d_True": 0.03326023391812866,
          "mean_FTR33_in_global_by_7d_False": 0.025219298245614034,
          "raw_FTR30_MAX": 0.021198830409356724,