{
  "result": {
    "best_iteration": [
      109,
      79,
      142,
      189,
      425
    ],
    "score_offline": [
      0.942692,
      0.931663,
      0.9436,
      0.951938,
      0.931334
    ],
    "score_mean_offline": 0.9402453999999999,
    "score_std_offline": 0.007836156292468885,
    "fold_results": [
      {
        "best_iteration": 109,
        "score_offline": 0.942692,
        "feature_importance_dict": {
          "lda_mean_vector_by_1d_False_5_1": 0.0146295422369042,
          "lda_std_vector_by_1d_False_5_4": 0.02784332232184993,
          "lda_sum_B_vector_by_1d_10_0": 0.01557338367154318,
          "lda_sum_B_vector_by_1d_10_1": 0.021708352996696555,
          "lda_sum_B_vector_by_1d_10_2": 0.017461066540821142,
          "lda_sum_B_vector_by_1d_10_3": 0.01651722510618216,
          "lda_sum_B_vector_by_1d_10_4": 0.012269938650306749,
          "lda_sum_B_vector_by_1d_10_5": 0.0146295422369042,
          "lda_sum_B_vector_by_1d_10_6": 0.014157621519584709,
          "lda_sum_B_vector_by_1d_10_7": 0.025483718735252476,
          "lda_sum_B_vector_by_1d_10_8": 0.025011798017932987,
          "lda_sum_B_vector_by_1d_10_9": 0.019348749410099102,
          "lda_sum_vector_by_1d_False_5_0": 0.01368570080226522,
          "len_std_count_by_non_zero_group_1d": 0.019820670127418595,
          "len_std_count_by_non_zero_group_3d": 0.019820670127418595,
          "max_ratio_FTR32_in_global_by_1t_False": 0.019820670127418595,
          "max_ratio_FTR42_in_global_by_1t_False": 0.020764511562057573,
          "max_ratio_FTR43_in_global_by_1t_False": 0.023124115148655026,
          "max_ratio_FTR43_in_global_by_3d_False": 0.021708352996696555,
          "max_ratio_FTR47_in_global_by_1t_False": 0.0292590844738084,
          "mean_FTR29_in_global_by_1d_True": 0.022652194431335537,
          "mean_FTR33_in_global_by_7d_False": 0.03114676734308636,
          "mean_FTR34_in_global_by_1t_False": 0.03209060877772534,
          "mean_FTR48_in_global_by_1t_False": 0.021236432279377066,
          "mean_FTR9_in_global_by_15d_False": 0.020292590844738084,
          "non_zero_count_FTR33_in_global_by_1d_True": 0.02878716375648891,
          "non_zero_count_FTR38_in_global_by_1d_True": 0.019820670127418595,
          "nunique_ratio2mean_ftr51_by_400d": 0.02406795658329401,
          "range_FTR33_in_global_by_30d_True": 0.02878716375648891,
          "range_FTR36_in_global_by_30d_False": 0.024539877300613498,
          "range_FTR9_in_global_by_1d_False": 0.038225578102878716,
          "rolling_sum2max_FTR30_30d": 0.030202925908447382,
          "rolling_sum2max_FTR33_45d": 0.020292590844738084,
          "rolling_sum2max_FTR33_7d": 0.03303445021236432,
          "rolling_sumratio2max_FTR41_45d": 0.028315243039169418,
          "rolling_sumratio2max_FTR43_15d": 0.0292590844738084,
          "std_FTR30_in_global_by_7d_True": 0.017461066540821142,
          "std_FTR35_in_global_by_15d_False": 0.023124115148655026,
          "std_FTR48_in_global_by_15d_False": 0.02406795658329401,
          "sum2mean_ftr51_by_400d": 0.0146295422369042,
          "sum_FTR33_in_global_by_1t_False": 0.01651722510618216,
          "sum_FTR41_in_global_by_1t_False": 0.034922133081642284,
          "sum_FTR42_in_global_by_1t_False": 0.019820670127418595,
          "sum_std_count_by_non_zero_group_3d": 0.02406795658329401
        }
      },
      {
        "best_iteration": 79,
        "score_offline": 0.931663,
        "feature_importance_dict": {
          "lda_mean_vector_by_1d_False_5_1": 0.020179372197309416,
          "lda_std_vector_by_1d_False_5_4": 0.02242152466367713,
          "lda_sum_B_vector_by_1d_10_0": 0.017937219730941704,
          "lda_sum_B_vector_by_1d_10_1": 0.02914798206278027,
          "lda_sum_B_vector_by_1d_10_2": 0.016255605381165918,
          "lda_sum_B_vector_by_1d_10_3": 0.01905829596412556,
          "lda_sum_B_vector_by_1d_10_4": 0.010089686098654708,
          "lda_sum_B_vector_by_1d_10_5": 0.026905829596412557,
          "lda_sum_B_vector_by_1d_10_6": 0.016816143497757848,
          "lda_sum_B_vector_by_1d_10_7": 0.020179372197309416,
          "lda_sum_B_vector_by_1d_10_8": 0.027466367713004484,
          "lda_sum_B_vector_by_1d_10_9": 0.015134529147982063,
          "lda_sum_vector_by_1d_False_5_0": 0.011771300448430493,
          "len_std_count_by_non_zero_group_1d": 0.018497757847533634,
          "len_std_count_by_non_zero_group_3d": 0.017376681614349777,
          "max_ratio_FTR32_in_global_by_1t_False": 0.020739910313901346,
          "max_ratio_FTR42_in_global_by_1t_False": 0.023542600896860985,
          "max_ratio_FTR43_in_global_by_1t_False": 0.0257847533632287,
          "max_ratio_FTR43_in_global_by_3d_False": 0.02466367713004484,
          "max_ratio_FTR47_in_global_by_1t_False": 0.02914798206278027,
          "mean_FTR29_in_global_by_1d_True": 0.024103139013452915,
          "mean_FTR33_in_global_by_7d_False": 0.01961883408071749,
          "mean_FTR34_in_global_by_1t_False": 0.03531390134529148,
          "mean_FTR48_in_global_by_1t_False": 0.017937219730941704,
          "mean_FTR9_in_global_by_15d_False": 0.026345291479820628,
          "non_zero_count_FTR33_in_global_by_1d_True": 0.026345291479820628,
          "non_zero_count_FTR38_in_global_by_1d_True": 0.02466367713004484,
          "nunique_ratio2mean_ftr51_by_400d": 0.01289237668161435,
          "range_FTR33_in_global_by_30d_True": 0.03139013452914798,
          "range_FTR36_in_global_by_30d_False": 0.02466367713004484,
          "range_FTR9_in_global_by_1d_False": 0.034192825112107625,
          "rolling_sum2max_FTR30_30d": 0.021300448430493273,
          "rolling_sum2max_FTR33_45d": 0.021300448430493273,
          "rolling_sum2max_FTR33_7d": 0.026345291479820628,
          "rolling_sumratio2max_FTR41_45d": 0.026905829596412557,
          "rolling_sumratio2max_FTR43_15d": 0.030269058295964126,
          "std_FTR30_in_global_by_7d_True": 0.023542600896860985,
          "std_FTR35_in_global_by_15d_False": 0.021860986547085202,
          "std_FTR48_in_global_by_15d_False": 0.01905829596412556,
          "sum2mean_ftr51_by_400d": 0.02298206278026906,
          "sum_FTR33_in_global_by_1t_False": 0.021860986547085202,
          "sum_FTR41_in_global_by_1t_False": 0.02298206278026906,
          "sum_FTR42_in_global_by_1t_False": 0.021860986547085202,
          "sum_std_count_by_non_zero_group_3d": 0.02914798206278027
        }
      },
      {
        "best_iteration": 142,
        "score_offline": 0.9436,
        "feature_importance_dict": {
          "lda_mean_vector_by_1d_False_5_1": 0.019238319591676482,
          "lda_std_vector_by_1d_False_5_4": 0.020023557126030624,
          "lda_sum_B_vector_by_1d_10_0": 0.022771888496270123,
          "lda_sum_B_vector_by_1d_10_1": 0.02237926972909305,
          "lda_sum_B_vector_by_1d_10_2": 0.018060463290145268,
          "lda_sum_B_vector_by_1d_10_3": 0.023557126030624265,
          "lda_sum_B_vector_by_1d_10_4": 0.013349038084020416,
          "lda_sum_B_vector_by_1d_10_5": 0.017275225755791126,
          "lda_sum_B_vector_by_1d_10_6": 0.01884570082449941,
          "lda_sum_B_vector_by_1d_10_7": 0.027875932469572047,
          "lda_sum_B_vector_by_1d_10_8": 0.02591283863368669,
          "lda_sum_B_vector_by_1d_10_9": 0.02237926972909305,
          "lda_sum_vector_by_1d_False_5_0": 0.013741656851197487,
          "len_std_count_by_non_zero_group_1d": 0.022771888496270123,
          "len_std_count_by_non_zero_group_3d": 0.020416175893207697,
          "max_ratio_FTR32_in_global_by_1t_False": 0.02512760109933255,
          "max_ratio_FTR42_in_global_by_1t_False": 0.025520219866509618,
          "max_ratio_FTR43_in_global_by_1t_False": 0.02591283863368669,
          "max_ratio_FTR43_in_global_by_3d_False": 0.020416175893207697,
          "max_ratio_FTR47_in_global_by_1t_False": 0.024342363564978407,
          "mean_FTR29_in_global_by_1d_True": 0.02237926972909305,