{
  "result": {
    "best_iteration": [
      2647,
      1437,
      1997,
      1404,
      1808
    ],
    "score_offline": [
      0.944584,
      0.937171,
      0.947367,
      0.951036,
      0.932316
    ],
    "score_mean_offline": 0.9424948000000001,
    "score_std_offline": 0.006826507200611436,
    "fold_results": [
      {
        "best_iteration": 2647,
        "score_offline": 0.944584,
        "feature_importance_dict": {
          "mean_FTR33_in_global_by_7d_False": 0.02289229794312571,
          "non_zero_count_FTR38_in_global_by_1d_True": 0.0218625405962031,
          "max_ratio_FTR32_in_global_by_1t_False": 0.02484619649882502,
          "lda_mean_vector_by_1d_False_5_1": 0.019459773453383677,
          "std_FTR48_in_global_by_15d_False": 0.023209146357563437,
          "sum2mean_ftr51_by_400d": 0.02109682359464526,
          "len_std_count_by_non_zero_group_1d": 0.021334459905473557,
          "rolling_sumratio2max_FTR41_45d": 0.0297309428880733,
          "std_FTR35_in_global_by_15d_False": 0.025427085258627517,
          "range_FTR33_in_global_by_30d_True": 0.026668074881841947,
          "non_zero_count_FTR33_in_global_by_1d_True": 0.026113590156575925,
          "count_max_ftr51_in_month10": 0.031367993029334885,
          "max_ratio_FTR43_in_global_by_3d_False": 0.02130805587093708,
          "range_FTR36_in_global_by_30d_False": 0.021624904285374804,
          "max_ratio_FTR43_in_global_by_1t_False": 0.028833205713833073,
          "lda_std_vector_by_1d_False_5_4": 0.0248726005333615,
          "count_max_ftr51_in_month4": 0.03163203337469966,
          "count_max_ftr51_in_month11": 0.03709766852375043,
          "rolling_sum2max_FTR33_45d": 0.020753571145671057,
          "nunique_ratio2mean_ftr51_by_400d": 0.026113590156575925,
          "count_max_ftr51_in_month9": 0.03194888178913738,
          "rolling_sumratio2max_FTR43_15d": 0.027248963641644443,
          "rolling_sum2max_FTR30_30d": 0.028542761333931826,
          "sum_FTR42_in_global_by_1t_False": 0.021968156734349008,
          "sum_std_count_by_non_zero_group_3d": 0.026007974018430018,
          "mean_FTR9_in_global_by_15d_False": 0.022601853563224462,
          "range_FTR9_in_global_by_1d_False": 0.03812742587067304,
          "mean_FTR29_in_global_by_1d_True": 0.025110236844189792,
          "rolling_sum2max_FTR33_7d": 0.03334829561957067,
          "mean_FTR48_in_global_by_1t_False": 0.03181686161645499,
          "mean_FTR34_in_global_by_1t_False": 0.03596229503868191,
          "len_std_count_by_non_zero_group_3d": 0.0227866818049798,
          "sum_FTR33_in_global_by_1t_False": 0.017321046655929026,
          "sum_FTR41_in_global_by_1t_False": 0.026483246640086604,
          "lda_sum_vector_by_1d_False_5_0": 0.023684418979220023,
          "std_FTR30_in_global_by_7d_True": 0.026007974018430018,
          "max_ratio_FTR42_in_global_by_1t_False": 0.02624561032925831,
          "max_ratio_FTR47_in_global_by_1t_False": 0.028542761333931826
        }
      },
      {
        "best_iteration": 1437,
        "score_offline": 0.937171,
        "feature_importance_dict": {
          "mean_FTR33_in_global_by_7d_False": 0.020990198965212637,
          "non_zero_count_FTR38_in_global_by_1d_True": 0.020569553695368694,
          "max_ratio_FTR32_in_global_by_1t_False": 0.02216800572077567,
          "lda_mean_vector_by_1d_False_5_1": 0.02683716821604341,
          "std_FTR48_in_global_by_15d_False": 0.018508391873133388,
          "sum2mean_ftr51_by_400d": 0.029066588146216297,
          "len_std_count_by_non_zero_group_1d": 0.020148908425524754,
          "rolling_sumratio2max_FTR41_45d": 0.034829428343078284,
          "std_FTR35_in_global_by_15d_False": 0.027005426323980987,
          "range_FTR33_in_global_by_30d_True": 0.028309426660497204,
          "non_zero_count_FTR33_in_global_by_1d_True": 0.03074916922559206,
          "count_max_ftr51_in_month10": 0.02721574895890296,
          "max_ratio_FTR43_in_global_by_3d_False": 0.028603878349387962,
          "range_FTR36_in_global_by_30d_False": 0.023051360787447944,
          "max_ratio_FTR43_in_global_by_1t_False": 0.02746813612080932,
          "lda_std_vector_by_1d_False_5_4": 0.02380852227316704,
          "count_max_ftr51_in_month4": 0.02797291044462205,
          "count_max_ftr51_in_month11": 0.03365162158751525,
          "rolling_sum2max_FTR33_45d": 0.0226727800445884,
          "nunique_ratio2mean_ftr51_by_400d": 0.02237832835569764,
          "count_max_ftr51_in_month9": 0.036091364152610106,
          "rolling_sumratio2max_FTR43_15d": 0.030034072266857358,
          "rolling_sum2max_FTR30_30d": 0.023682328692213855,
          "sum_FTR42_in_global_by_1t_False": 0.02258865099061961,
          "sum_std_count_by_non_zero_group_3d": 0.028435620241450386,
          "mean_FTR9_in_global_by_15d_False": 0.02536490977158962,
          "range_FTR9_in_global_by_1d_False": 0.034829428343078284,
          "mean_FTR29_in_global_by_1d_True": 0.02422916754301098,
          "rolling_sum2max_FTR33_7d": 0.02881420098430993,
          "mean_FTR48_in_global_by_1t_False": 0.022041812139822488,
          "mean_FTR34_in_global_by_1t_False": 0.04063433306692466,
          "len_std_count_by_non_zero_group_3d": 0.020233037479493544,
          "sum_FTR33_in_global_by_1t_False": 0.023682328692213855,
          "sum_FTR41_in_global_by_1t_False": 0.021537037816009758,
          "lda_sum_vector_by_1d_False_5_0": 0.02393471585412022,
          "std_FTR30_in_global_by_7d_True": 0.025575232406511588,
          "max_ratio_FTR42_in_global_by_1t_False": 0.026080006730324318,
          "max_ratio_FTR47_in_global_by_1t_False": 0.0262062003112775
        }
      },
      {
        "best_iteration": 1997,
        "score_offline": 0.947367,
        "feature_importance_dict": {
          "mean_FTR33_in_global_by_7d_False": 0.020422371779995358,
          "non_zero_count_FTR38_in_global_by_1d_True": 0.019129396943274875,
          "max_ratio_FTR32_in_global_by_1t_False": 0.02993734045022047,
          "lda_mean_vector_by_1d_False_5_1": 0.02085336339223552,
          "std_FTR48_in_global_by_15d_False": 0.020720750588469318,
          "sum2mean_ftr51_by_400d": 0.025793190332526604,
          "len_std_count_by_non_zero_group_1d": 0.02231210423366376,
          "rolling_sumratio2max_FTR41_45d": 0.030600404469051486,
          "std_FTR35_in_global_by_15d_False": 0.025925803136292808,
          "range_FTR33_in_global_by_30d_True": 0.029141663627623247,
          "non_zero_count_FTR33_in_global_by_1d_True": 0.030036800053045123,
          "count_max_ftr51_in_month10": 0.030998242880350097,
          "max_ratio_FTR43_in_global_by_3d_False": 0.02300832145343633,
          "range_FTR36_in_global_by_30d_False": 0.023571925869442695,
          "max_ratio_FTR43_in_global_by_1t_False": 0.030268872459635977,
          "lda_std_vector_by_1d_False_5_4": 0.026588867155123826,
          "count_max_ftr51_in_month4": 0.030766170473759243,
          "count_max_ftr51_in_month11": 0.032987434936843155,
          "rolling_sum2max_FTR33_45d": 0.022875708649670125,
          "nunique_ratio2mean_ftr51_by_400d": 0.027649769585253458,
          "count_max_ftr51_in_month9": 0.03348473295096641,
          "rolling_sumratio2max_FTR43_15d": 0.02884328481914929,
          "rolling_sum2max_FTR30_30d": 0.022378410635546863,
          "sum_FTR42_in_global_by_1t_False": 0.018366873321619202,
          "sum_std_count_by_non_zero_group_3d": 0.02887643802009084,
          "mean_FTR9_in_global_by_15d_False": 0.019958226966813646,
          "range_FTR9_in_global_by_1d_False": 0.03915393031197162,
          "mean_FTR29_in_global_by_1d_True": 0.02605841594005901,
          "rolling_sum2max_FTR33_7d": 0.03225806451612903,
          "mean_FTR48_in_global_by_1t_False": 0.020720750588469318,
          "mean_FTR34_in_global_by_1t_False": 0.03292112853496005,
          "len_std_count_by_non_zero_group_3d": 0.022444717037429965,
          "sum_FTR33_in_global_by_1t_False": 0.01899678413950867,