{
  "result": {
    "best_iteration": [
      199,
      301,
      205,
      109,
      160
    ],
    "score_offline": [
      0.94313,
      0.942145,
      0.942836,
      0.947258,
      0.935745
    ],
    "score_mean_offline": 0.9422228,
    "score_std_offline": 0.003701897102837945,
    "fold_results": [
      {
        "best_iteration": 199,
        "score_offline": 0.94313,
        "feature_importance_dict": {
          "range_FTR36_in_global_by_30d_False": 0.027950310559006212,
          "std_FTR48_in_global_by_15d_False": 0.037577639751552795,
          "max_ratio_FTR43_in_global_by_1t_False": 0.034472049689440995,
          "mean_FTR33_in_global_by_7d_False": 0.034782608695652174,
          "max_ratio_FTR32_in_global_by_1t_False": 0.02453416149068323,
          "rolling_sum2max_FTR30_30d": 0.03540372670807453,
          "rolling_sumratio2max_FTR43_15d": 0.03540372670807453,
          "D7_hua_FTR0_SUM_MAX_s_zhang": 0.040683229813664595,
          "rolling_sum2max_FTR33_45d": 0.031987577639751553,
          "ftr51_FTR51_B_CONVERT_NUM_UNIQUE_s_zhang": 0.03602484472049689,
          "max_ratio_FTR42_in_global_by_1t_False": 0.029192546583850933,
          "mean_FTR34_in_global_by_1t_False": 0.034472049689440995,
          "raw_FTR9_MAX_s_zhang": 0.02360248447204969,
          "range_FTR33_in_global_by_30d_True": 0.03602484472049689,
          "std_FTR35_in_global_by_15d_False": 0.03012422360248447,
          "max_ratio_FTR43_in_global_by_3d_False": 0.027639751552795033,
          "non_zero_count_FTR33_in_global_by_1d_True": 0.034161490683229816,
          "sum_std_count_by_non_zero_group_3d": 0.03291925465838509,
          "range_FTR9_in_global_by_1d_False": 0.037888198757763975,
          "rolling_sumratio2max_FTR41_45d": 0.03571428571428571,
          "raw_FTR42_SUM_s_zhang": 0.026397515527950312,
          "raw_FTR33_SUM_s_zhang": 0.03540372670807453,
          "mean_FTR9_in_global_by_15d_False": 0.03260869565217391,
          "len_std_count_by_non_zero_group_3d": 0.031366459627329195,
          "max_ratio_FTR47_in_global_by_1t_False": 0.030745341614906833,
          "raw_FTR30_MAX_s_zhang": 0.030745341614906833,
          "new_FTR36_CONVERT_NUM_NO_ZERO_s_zhang": 0.05217391304347826,
          "mean_FTR29_in_global_by_1d_True": 0.029503105590062112,
          "rolling_sum2max_FTR33_7d": 0.04006211180124224,
          "mean_FTR48_in_global_by_1t_False": 0.030434782608695653
        }
      },
      {
        "best_iteration": 301,
        "score_offline": 0.942145,
        "feature_importance_dict": {
          "range_FTR36_in_global_by_30d_False": 0.0329573103295731,
          "std_FTR48_in_global_by_15d_False": 0.031187790311877902,
          "max_ratio_FTR43_in_global_by_1t_False": 0.028754700287547,
          "mean_FTR33_in_global_by_7d_False": 0.0338420703384207,
          "max_ratio_FTR32_in_global_by_1t_False": 0.030524220305242204,
          "rolling_sum2max_FTR30_30d": 0.035169210351692105,
          "rolling_sumratio2max_FTR43_15d": 0.03605397036053971,
          "D7_hua_FTR0_SUM_MAX_s_zhang": 0.0413625304136253,
          "rolling_sum2max_FTR33_45d": 0.030745410307454105,
          "ftr51_FTR51_B_CONVERT_NUM_UNIQUE_s_zhang": 0.035832780358327807,
          "max_ratio_FTR42_in_global_by_1t_False": 0.0329573103295731,
          "mean_FTR34_in_global_by_1t_False": 0.038708250387082505,
          "raw_FTR9_MAX_s_zhang": 0.0230037602300376,
          "range_FTR33_in_global_by_30d_True": 0.0322937403229374,
          "std_FTR35_in_global_by_15d_False": 0.0380446803804468,
          "max_ratio_FTR43_in_global_by_3d_False": 0.028754700287547,
          "non_zero_count_FTR33_in_global_by_1d_True": 0.0325149303251493,
          "sum_std_count_by_non_zero_group_3d": 0.031408980314089806,
          "range_FTR9_in_global_by_1d_False": 0.0369387303693873,
          "rolling_sumratio2max_FTR41_45d": 0.0364963503649635,
          "raw_FTR42_SUM_s_zhang": 0.028754700287547,
          "raw_FTR33_SUM_s_zhang": 0.0325149303251493,
          "mean_FTR9_in_global_by_15d_False": 0.033178500331785,
          "len_std_count_by_non_zero_group_3d": 0.028312320283123204,
          "max_ratio_FTR47_in_global_by_1t_False": 0.034505640345056404,
          "raw_FTR30_MAX_s_zhang": 0.030745410307454105,
          "new_FTR36_CONVERT_NUM_NO_ZERO_s_zhang": 0.0451227604512276,
          "mean_FTR29_in_global_by_1d_True": 0.025658040256580403,
          "rolling_sum2max_FTR33_7d": 0.0411413404114134,
          "mean_FTR48_in_global_by_1t_False": 0.0325149303251493
        }
      },
      {
        "best_iteration": 205,
        "score_offline": 0.942836,
        "feature_importance_dict": {
          "range_FTR36_in_global_by_30d_False": 0.03099110156489721,
          "std_FTR48_in_global_by_15d_False": 0.030070573795642836,
          "max_ratio_FTR43_in_global_by_1t_False": 0.03313899969315741,
          "mean_FTR33_in_global_by_7d_False": 0.03283215710340595,
          "max_ratio_FTR32_in_global_by_1t_False": 0.032218471923903036,
          "rolling_sum2max_FTR30_30d": 0.02822951825713409,
          "rolling_sumratio2max_FTR43_15d": 0.03712795335992636,
          "D7_hua_FTR0_SUM_MAX_s_zhang": 0.04050322184719239,
          "rolling_sum2max_FTR33_45d": 0.028536360846885548,
          "ftr51_FTR51_B_CONVERT_NUM_UNIQUE_s_zhang": 0.03160478674440012,
          "max_ratio_FTR42_in_global_by_1t_False": 0.028536360846885548,
          "mean_FTR34_in_global_by_1t_False": 0.03528689782141761,
          "raw_FTR9_MAX_s_zhang": 0.027922675667382633,
          "range_FTR33_in_global_by_30d_True": 0.03283215710340595,
          "std_FTR35_in_global_by_15d_False": 0.03958269407793802,
          "max_ratio_FTR43_in_global_by_3d_False": 0.023626879410862226,
          "non_zero_count_FTR33_in_global_by_1d_True": 0.03590058300092053,
          "sum_std_count_by_non_zero_group_3d": 0.036207425590671985,
          "range_FTR9_in_global_by_1d_False": 0.03835532371893219,
          "rolling_sumratio2max_FTR41_45d": 0.03191162933415158,
          "raw_FTR42_SUM_s_zhang": 0.028843203436637006,
          "raw_FTR33_SUM_s_zhang": 0.037434795949677815,
          "mean_FTR9_in_global_by_15d_False": 0.03099110156489721,
          "len_std_count_by_non_zero_group_3d": 0.02700214789812826,
          "max_ratio_FTR47_in_global_by_1t_False": 0.03559374041116907,
          "raw_FTR30_MAX_s_zhang": 0.02577477753912243,
          "new_FTR36_CONVERT_NUM_NO_ZERO_s_zhang": 0.05799324946302547,
          "mean_FTR29_in_global_by_1d_True": 0.03405952746241178,
          "rolling_sum2max_FTR33_7d": 0.04081006443694385,
          "mean_FTR48_in_global_by_1t_False": 0.026081620128873887
        }
      },
      {
        "best_iteration": 109,
        "score_offline": 0.947258,
        "feature_importance_dict": {
          "range_FTR36_in_global_by_30d_False": 0.036834924965893585,
          "std_FTR48_in_global_by_15d_False": 0.02819463392451114,
          "max_ratio_FTR43_in_global_by_1t_False": 0.02955889040472942,
          "mean_FTR33_in_global_by_7d_False": 0.03319690768531151,
          "max_ratio_FTR32_in_global_by_1t_False": 0.030923146884947704,
          "rolling_sum2max_FTR30_30d": 0.03956343792633015,
          "rolling_sumratio2max_FTR43_15d": 0.03319690768531151,
          "D7_hua_FTR0_SUM_MAX_s_zhang": 0.034106412005457026,
          "rolling_sum2max_FTR33_45d": 0.03365165984538426,
          "ftr51_FTR51_B_CONVERT_NUM_UNIQUE_s_zhang": 0.03819918144611187,
          "max_ratio_FTR42_in_global_by_1t_False": 0.018190086402910415,
          "mean_FTR34_in_global_by_1t_False": 0.045020463847203276,
          "raw_FTR9_MAX_s_zhang": 0.026830377444292862,
          "range_FTR33_in_global_by_30d_True": 0.030468394724874944,
          "std_FTR35_in_global_by_15d_False": 0.035015916325602546,
          "max_ratio_FTR43_in_global_by_3d_False": 0.03365165984538426,
          "non_zero_count_FTR33_in_global_by_1d_True": 0.03774442928603911,