{
  "result": {
    "best_iteration": [
      79,
      164,
      160,
      196,
      150
    ],
    "score_offline": [
      0.941102,
      0.939195,
      0.949259,
      0.95183,
      0.925589
    ],
    "score_mean_offline": 0.941395,
    "score_std_offline": 0.009224827434700322,
    "fold_results": [
      {
        "best_iteration": 79,
        "score_offline": 0.941102,
        "feature_importance_dict": {
          "sum2mean_ftr51_by_400d": 0.02795954788816181,
          "rolling_sumratio2max_FTR43_15d": 0.02795954788816181,
          "max_ratio_FTR32_in_global_by_1t_False": 0.021415823914336704,
          "lda_sum_vector_by_1d_False_5_0": 0.01903628792385485,
          "nunique_ratio2mean_ftr51_by_400d": 0.026174895895300417,
          "mean_FTR33_in_global_by_7d_False": 0.02379535990481856,
          "rolling_sumratio2max_FTR41_45d": 0.037477691850089236,
          "sum_std_count_by_non_zero_group_3d": 0.027364663890541343,
          "range_FTR36_in_global_by_30d_False": 0.032123735871505056,
          "lda_std_vector_by_1d_False_5_4": 0.029149315883402735,
          "non_zero_count_FTR38_in_global_by_1d_True": 0.02558001189767995,
          "sum_FTR33_in_global_by_1t_False": 0.024390243902439025,
          "sum_FTR42_in_global_by_1t_False": 0.0297441998810232,
          "rolling_sum2max_FTR30_30d": 0.03569303985722784,
          "sum_FTR41_in_global_by_1t_False": 0.03331350386674598,
          "range_FTR9_in_global_by_1d_False": 0.03271861986912552,
          "lda_mean_vector_by_7d_False_5_3": 0.013682331945270671,
          "lda_mean_vector_by_7d_False_5_0": 0.007733491969066032,
          "nunique_ratio2max_ftr51_by_400d": 0.00892325996430696,
          "mean_FTR29_in_global_by_1d_True": 0.02676977989292088,
          "non_zero_count_FTR33_in_global_by_1d_True": 0.03390838786436645,
          "lda_sum_vector_by_1d_False_5_3": 0.013087447947650209,
          "lda_mean_vector_by_1d_False_5_1": 0.02379535990481856,
          "mean_FTR34_in_global_by_1t_False": 0.03985722784057109,
          "max_ratio_FTR47_in_global_by_1t_False": 0.0297441998810232,
          "std_FTR30_in_global_by_7d_True": 0.02379535990481856,
          "max_ratio_FTR42_in_global_by_1t_False": 0.021415823914336704,
          "range_FTR33_in_global_by_30d_True": 0.032123735871505056,
          "len_std_count_by_non_zero_group_1d": 0.026174895895300417,
          "max_ratio_FTR43_in_global_by_3d_False": 0.021415823914336704,
          "rolling_sum2max_FTR33_7d": 0.029149315883402735,
          "sum2max_ftr51_by_400d": 0.013682331945270671,
          "nunique2max_ftr51_by_400d": 0.010113027959547887,
          "len_std_count_by_non_zero_group_3d": 0.022010707911957167,
          "max_ratio_FTR43_in_global_by_1t_False": 0.027364663890541343,
          "rolling_sum2max_FTR33_45d": 0.022010707911957167,
          "mean_FTR48_in_global_by_1t_False": 0.02676977989292088,
          "std_FTR35_in_global_by_15d_False": 0.022010707911957167,
          "mean_FTR9_in_global_by_15d_False": 0.026174895895300417,
          "std_FTR48_in_global_by_15d_False": 0.024390243902439025
        }
      },
      {
        "best_iteration": 164,
        "score_offline": 0.939195,
        "feature_importance_dict": {
          "sum2mean_ftr51_by_400d": 0.02533532041728763,
          "rolling_sumratio2max_FTR43_15d": 0.030923994038748136,
          "max_ratio_FTR32_in_global_by_1t_False": 0.02570789865871833,
          "lda_sum_vector_by_1d_False_5_0": 0.022727272727272728,
          "nunique_ratio2mean_ftr51_by_400d": 0.01676602086438152,
          "mean_FTR33_in_global_by_7d_False": 0.02570789865871833,
          "rolling_sumratio2max_FTR41_45d": 0.03651266766020864,
          "sum_std_count_by_non_zero_group_3d": 0.026825633383010434,
          "range_FTR36_in_global_by_30d_False": 0.02608047690014903,
          "lda_std_vector_by_1d_False_5_4": 0.02645305514157973,
          "non_zero_count_FTR38_in_global_by_1d_True": 0.020864381520119227,
          "sum_FTR33_in_global_by_1t_False": 0.02570789865871833,
          "sum_FTR42_in_global_by_1t_False": 0.027198211624441134,
          "rolling_sum2max_FTR30_30d": 0.028315946348733235,
          "sum_FTR41_in_global_by_1t_False": 0.019746646795827123,
          "range_FTR9_in_global_by_1d_False": 0.029433681073025336,
          "lda_mean_vector_by_7d_False_5_3": 0.010432190760059613,
          "lda_mean_vector_by_7d_False_5_0": 0.015275707898658718,
          "nunique_ratio2max_ftr51_by_400d": 0.007451564828614009,
          "mean_FTR29_in_global_by_1d_True": 0.02645305514157973,
          "non_zero_count_FTR33_in_global_by_1d_True": 0.03204172876304024,
          "lda_sum_vector_by_1d_False_5_3": 0.021982116244411327,
          "lda_mean_vector_by_1d_False_5_1": 0.02421758569299553,
          "mean_FTR34_in_global_by_1t_False": 0.042473919523099854,
          "max_ratio_FTR47_in_global_by_1t_False": 0.029433681073025336,
          "std_FTR30_in_global_by_7d_True": 0.02347242921013413,
          "max_ratio_FTR42_in_global_by_1t_False": 0.027570789865871834,
          "range_FTR33_in_global_by_30d_True": 0.026825633383010434,
          "len_std_count_by_non_zero_group_1d": 0.02384500745156483,
          "max_ratio_FTR43_in_global_by_3d_False": 0.02645305514157973,
          "rolling_sum2max_FTR33_7d": 0.03427719821162444,
          "sum2max_ftr51_by_400d": 0.015275707898658718,
          "nunique2max_ftr51_by_400d": 0.01602086438152012,
          "len_std_count_by_non_zero_group_3d": 0.022354694485842028,
          "max_ratio_FTR43_in_global_by_1t_False": 0.03539493293591654,
          "rolling_sum2max_FTR33_45d": 0.02384500745156483,
          "mean_FTR48_in_global_by_1t_False": 0.020491803278688523,
          "std_FTR35_in_global_by_15d_False": 0.030551415797317436,
          "mean_FTR9_in_global_by_15d_False": 0.02608047690014903,
          "std_FTR48_in_global_by_15d_False": 0.02347242921013413
        }
      },
      {
        "best_iteration": 160,
        "score_offline": 0.949259,
        "feature_importance_dict": {
          "sum2mean_ftr51_by_400d": 0.027311744049941473,
          "rolling_sumratio2max_FTR43_15d": 0.02926258291065158,
          "max_ratio_FTR32_in_global_by_1t_False": 0.0296527506827936,
          "lda_sum_vector_by_1d_False_5_0": 0.02301989855637924,
          "nunique_ratio2mean_ftr51_by_400d": 0.030433086227077643,
          "mean_FTR33_in_global_by_7d_False": 0.026531408505657432,
          "rolling_sumratio2max_FTR41_45d": 0.03316426063207179,
          "sum_std_count_by_non_zero_group_3d": 0.026531408505657432,
          "range_FTR36_in_global_by_30d_False": 0.027311744049941473,
          "lda_std_vector_by_1d_False_5_4": 0.023800234100663287,
          "non_zero_count_FTR38_in_global_by_1d_True": 0.015216543113538821,
          "sum_FTR33_in_global_by_1t_False": 0.020288724151385096,
          "sum_FTR42_in_global_by_1t_False": 0.017167381974248927,
          "rolling_sum2max_FTR30_30d": 0.02145922746781116,
          "sum_FTR41_in_global_by_1t_False": 0.02926258291065158,
          "range_FTR9_in_global_by_1d_False": 0.03862660944206009,
          "lda_mean_vector_by_7d_False_5_3": 0.015996878657822865,
          "lda_mean_vector_by_7d_False_5_0": 0.012485368708544674,
          "nunique_ratio2max_ftr51_by_400d": 0.010144362075692548,
          "mean_FTR29_in_global_by_1d_True": 0.030823253999219664,
          "non_zero_count_FTR33_in_global_by_1d_True": 0.02809207959422552,
          "lda_sum_vector_by_1d_False_5_3": 0.019898556379243076,
          "lda_mean_vector_by_1d_False_5_1": 0.02145922746781116,
          "mean_FTR34_in_global_by_1t_False": 0.037065938353492,
          "max_ratio_FTR47_in_global_by_1t_False": 0.03199375731564573,
          "std_FTR30_in_global_by_7d_True": 0.027311744049941473,
          "max_ratio_FTR42_in_global_by_1t_False": 0.027311744049941473,
          "range_FTR33_in_global_by_30d_True": 0.026921576277799453,