{
  "result": {
    "best_iteration": [
      196,
      127,
      134,
      126,
      150
    ],
    "score_offline": [
      0.94099,
      0.937661,
      0.950397,
      0.952704,
      0.934586
    ],
    "score_mean_offline": 0.9432676000000001,
    "score_std_offline": 0.007097402245892514,
    "fold_results": [
      {
        "best_iteration": 196,
        "score_offline": 0.94099,
        "feature_importance_dict": {
          "D7_hua_FTR0_SUM_MAX_s_zhang": 0.028804007514088917,
          "D7_hua_FTR34_SUM_MAX_s_zhang": 0.020350657482780213,
          "count_60D_sum_max_s_zhang": 0.010958046336881654,
          "ftr51_FTR51_B_CONVERT_NUM_UNIQUE_s_zhang": 0.026612398246712587,
          "lda_mean_vector_by_1d_False_5_1": 0.015028177833437696,
          "lda_std_vector_by_1d_False_5_4": 0.020350657482780213,
          "lda_sum_vector_by_1d_False_5_0": 0.020037570444583593,
          "len_std_count_by_non_zero_group_1d": 0.01878522229179712,
          "len_std_count_by_non_zero_group_3d": 0.020663744520976832,
          "max_ratio_FTR32_in_global_by_1t_False": 0.019411396368190358,
          "max_ratio_FTR42_in_global_by_1t_False": 0.023794614902943018,
          "max_ratio_FTR43_in_global_by_1t_False": 0.027238572323105822,
          "max_ratio_FTR43_in_global_by_3d_False": 0.022229179711959923,
          "max_ratio_FTR47_in_global_by_1t_False": 0.026612398246712587,
          "mean_FTR29_in_global_by_1d_True": 0.020663744520976832,
          "mean_FTR33_in_global_by_7d_False": 0.028177833437695678,
          "mean_FTR34_in_global_by_1t_False": 0.027238572323105822,
          "mean_FTR48_in_global_by_1t_False": 0.024107701941139637,
          "mean_FTR9_in_global_by_15d_False": 0.014402003757044458,
          "new_FTR36_CONVERT_NUM_NO_ZERO_s_zhang": 0.020350657482780213,
          "non_zero_count_FTR33_in_global_by_1d_True": 0.022542266750156543,
          "non_zero_count_FTR38_in_global_by_1d_True": 0.015341264871634314,
          "nunique_ratio2mean_ftr51_by_400d": 0.021603005635566688,
          "range_FTR33_in_global_by_30d_True": 0.025046963055729492,
          "range_FTR36_in_global_by_30d_False": 0.024733876017532873,
          "range_FTR9_in_global_by_1d_False": 0.03412648716343143,
          "raw_FTR30_MAX_s_zhang": 0.026612398246712587,
          "raw_FTR33_SUM_s_zhang": 0.012523481527864746,
          "raw_FTR34_MEAN_s_zhang": 0.010331872260488416,
          "raw_FTR41_SUM_s_zhang": 0.020663744520976832,
          "raw_FTR42_SUM_s_zhang": 0.015341264871634314,
          "raw_FTR9_MAX_s_zhang": 0.015028177833437696,
          "raw_FTR9_SUM_s_zhang": 0.012836568566061366,
          "rolling_sum2max_FTR30_30d": 0.033813400125234816,
          "rolling_sum2max_FTR33_45d": 0.017845961177207263,
          "rolling_sum2max_FTR33_7d": 0.03036944270507201,
          "rolling_sumratio2max_FTR41_45d": 0.026299311208515967,
          "rolling_sumratio2max_FTR43_15d": 0.031934877896055106,
          "std_FTR30_in_global_by_7d_True": 0.020350657482780213,
          "std_FTR35_in_global_by_15d_False": 0.018159048215403883,
          "std_FTR48_in_global_by_15d_False": 0.022855353788353162,
          "sum2mean_ftr51_by_400d": 0.010644959298685034,
          "sum_FTR33_in_global_by_1t_False": 0.010644959298685034,
          "sum_FTR41_in_global_by_1t_False": 0.014088916718847839,
          "sum_FTR42_in_global_by_1t_False": 0.011897307451471509,
          "sum_std_count_by_non_zero_group_3d": 0.022855353788353162,
          "unique_time_s_zhang": 0.014715090795241076,
          "year_count_max_s_zhang": 0.020976831559173452
        }
      },
      {
        "best_iteration": 127,
        "score_offline": 0.937661,
        "feature_importance_dict": {
          "D7_hua_FTR0_SUM_MAX_s_zhang": 0.020134228187919462,
          "D7_hua_FTR34_SUM_MAX_s_zhang": 0.020134228187919462,
          "count_60D_sum_max_s_zhang": 0.013003355704697987,
          "ftr51_FTR51_B_CONVERT_NUM_UNIQUE_s_zhang": 0.03271812080536913,
          "lda_mean_vector_by_1d_False_5_1": 0.020134228187919462,
          "lda_std_vector_by_1d_False_5_4": 0.015939597315436243,
          "lda_sum_vector_by_1d_False_5_0": 0.018456375838926176,
          "len_std_count_by_non_zero_group_1d": 0.017197986577181208,
          "len_std_count_by_non_zero_group_3d": 0.018456375838926176,
          "max_ratio_FTR32_in_global_by_1t_False": 0.02307046979865772,
          "max_ratio_FTR42_in_global_by_1t_False": 0.01971476510067114,
          "max_ratio_FTR43_in_global_by_1t_False": 0.02307046979865772,
          "max_ratio_FTR43_in_global_by_3d_False": 0.028523489932885907,
          "max_ratio_FTR47_in_global_by_1t_False": 0.02139261744966443,
          "mean_FTR29_in_global_by_1d_True": 0.01929530201342282,
          "mean_FTR33_in_global_by_7d_False": 0.024328859060402684,
          "mean_FTR34_in_global_by_1t_False": 0.03942953020134228,
          "mean_FTR48_in_global_by_1t_False": 0.018036912751677854,
          "mean_FTR9_in_global_by_15d_False": 0.02181208053691275,
          "new_FTR36_CONVERT_NUM_NO_ZERO_s_zhang": 0.020553691275167787,
          "non_zero_count_FTR33_in_global_by_1d_True": 0.01971476510067114,
          "non_zero_count_FTR38_in_global_by_1d_True": 0.01761744966442953,
          "nunique_ratio2mean_ftr51_by_400d": 0.018875838926174497,
          "range_FTR33_in_global_by_30d_True": 0.030620805369127518,
          "range_FTR36_in_global_by_30d_False": 0.02097315436241611,
          "range_FTR9_in_global_by_1d_False": 0.031879194630872486,
          "raw_FTR30_MAX_s_zhang": 0.018456375838926176,
          "raw_FTR33_SUM_s_zhang": 0.02307046979865772,
          "raw_FTR34_MEAN_s_zhang": 0.010486577181208054,
          "raw_FTR41_SUM_s_zhang": 0.014261744966442953,
          "raw_FTR42_SUM_s_zhang": 0.015100671140939598,
          "raw_FTR9_MAX_s_zhang": 0.015100671140939598,
          "raw_FTR9_SUM_s_zhang": 0.015939597315436243,
          "rolling_sum2max_FTR30_30d": 0.026006711409395974,
          "rolling_sum2max_FTR33_45d": 0.023909395973154363,
          "rolling_sum2max_FTR33_7d": 0.023909395973154363,
          "rolling_sumratio2max_FTR41_45d": 0.034395973154362415,
          "rolling_sumratio2max_FTR43_15d": 0.03104026845637584,
          "std_FTR30_in_global_by_7d_True": 0.01971476510067114,
          "std_FTR35_in_global_by_15d_False": 0.03104026845637584,
          "std_FTR48_in_global_by_15d_False": 0.015100671140939598,
          "sum2mean_ftr51_by_400d": 0.016359060402684564,
          "sum_FTR33_in_global_by_1t_False": 0.007969798657718121,
          "sum_FTR41_in_global_by_1t_False": 0.010067114093959731,
          "sum_FTR42_in_global_by_1t_False": 0.01174496644295302,
          "sum_std_count_by_non_zero_group_3d": 0.026006711409395974,
          "unique_time_s_zhang": 0.01552013422818792,
          "year_count_max_s_zhang": 0.01971476510067114
        }
      },
      {
        "best_iteration": 134,
        "score_offline": 0.950397,
        "feature_importance_dict": {
          "D7_hua_FTR0_SUM_MAX_s_zhang": 0.027893422148209824,
          "D7_hua_FTR34_SUM_MAX_s_zhang": 0.022064945878434637,
          "count_60D_sum_max_s_zhang": 0.014154870940882597,
          "ftr51_FTR51_B_CONVERT_NUM_UNIQUE_s_zhang": 0.03455453788509576,
          "lda_mean_vector_by_1d_False_5_1": 0.018318068276436304,
          "lda_std_vector_by_1d_False_5_4": 0.019150707743547043,
          "lda_sum_vector_by_1d_False_5_0": 0.019983347210657785,
          "len_std_count_by_non_zero_group_1d": 0.019150707743547043,
          "len_std_count_by_non_zero_group_3d": 0.017485428809325562,
          "max_ratio_FTR32_in_global_by_1t_False": 0.02414654454621149,
          "max_ratio_FTR42_in_global_by_1t_False": 0.02497918401332223,
          "max_ratio_FTR43_in_global_by_1t_False": 0.027060782681099085,
          "max_ratio_FTR43_in_global_by_3d_False": 0.024562864279766863,
          "max_ratio_FTR47_in_global_by_1t_False": 0.02289758534554538,