{
  "result": {
    "best_iteration": [
      126,
      156,
      254,
      150,
      350
    ],
    "score_offline": [
      0.941771,
      0.935512,
      0.948878,
      0.948057,
      0.933055
    ],
    "score_mean_offline": 0.9414545999999999,
    "score_std_offline": 0.006397912740886686,
    "fold_results": [
      {
        "best_iteration": 126,
        "score_offline": 0.941771,
        "feature_importance_dict": {
          "lda_mean_vector_by_1d_False_5_1": 0.023118766999093383,
          "lda_std_vector_by_1d_False_5_4": 0.03218495013599275,
          "lda_sum_vector_by_1d_False_5_0": 0.02629193109700816,
          "len_std_count_by_non_zero_group_1d": 0.02130553037171351,
          "len_std_count_by_non_zero_group_3d": 0.027198549410698096,
          "max_ratio_FTR32_in_global_by_1t_False": 0.023118766999093383,
          "max_ratio_FTR42_in_global_by_1t_False": 0.030825022665457842,
          "max_ratio_FTR43_in_global_by_1t_False": 0.027651858567543066,
          "max_ratio_FTR43_in_global_by_3d_False": 0.019038984587488667,
          "max_ratio_FTR47_in_global_by_1t_False": 0.030825022665457842,
          "mean_FTR29_in_global_by_1d_True": 0.028105167724388033,
          "mean_FTR33_in_global_by_7d_False": 0.022212148685403447,
          "mean_FTR34_in_global_by_1t_False": 0.04079782411604715,
          "mean_FTR48_in_global_by_1t_False": 0.0371713508612874,
          "mean_FTR9_in_global_by_15d_False": 0.025838621940163193,
          "non_zero_count_FTR33_in_global_by_1d_True": 0.03671804170444243,
          "non_zero_count_FTR38_in_global_by_1d_True": 0.02357207615593835,
          "nunique_ratio2mean_ftr51_by_400d": 0.03173164097914778,
          "range_FTR33_in_global_by_30d_True": 0.033544877606527655,
          "range_FTR36_in_global_by_30d_False": 0.028558476881233003,
          "range_FTR9_in_global_by_1d_False": 0.04487760652765186,
          "rolling_sum2max_FTR30_30d": 0.03399818676337262,
          "rolling_sum2max_FTR33_45d": 0.020398912058023574,
          "rolling_sum2max_FTR33_7d": 0.03626473254759746,
          "rolling_sumratio2max_FTR41_45d": 0.03173164097914778,
          "rolling_sumratio2max_FTR43_15d": 0.03445149592021759,
          "std_FTR30_in_global_by_7d_True": 0.02946509519492294,
          "std_FTR35_in_global_by_15d_False": 0.02674524025385313,
          "std_FTR48_in_global_by_15d_False": 0.024478694469628286,
          "sum2mean_ftr51_by_400d": 0.0385312783318223,
          "sum_FTR33_in_global_by_1t_False": 0.019492293744333637,
          "sum_FTR41_in_global_by_1t_False": 0.03127833182230281,
          "sum_FTR42_in_global_by_1t_False": 0.024478694469628286,
          "sum_std_count_by_non_zero_group_3d": 0.03399818676337262
        }
      },
      {
        "best_iteration": 156,
        "score_offline": 0.935512,
        "feature_importance_dict": {
          "lda_mean_vector_by_1d_False_5_1": 0.03324417271685136,
          "lda_std_vector_by_1d_False_5_4": 0.030951471150171952,
          "lda_sum_vector_by_1d_False_5_0": 0.026366068016813144,
          "len_std_count_by_non_zero_group_1d": 0.01795949560565533,
          "len_std_count_by_non_zero_group_3d": 0.026748184944593044,
          "max_ratio_FTR32_in_global_by_1t_False": 0.02330913259457394,
          "max_ratio_FTR42_in_global_by_1t_False": 0.027894535727932747,
          "max_ratio_FTR43_in_global_by_1t_False": 0.03171570500573175,
          "max_ratio_FTR43_in_global_by_3d_False": 0.03324417271685136,
          "max_ratio_FTR47_in_global_by_1t_False": 0.030951471150171952,
          "mean_FTR29_in_global_by_1d_True": 0.023691249522353842,
          "mean_FTR33_in_global_by_7d_False": 0.020634314100114636,
          "mean_FTR34_in_global_by_1t_False": 0.04432556362246848,
          "mean_FTR48_in_global_by_1t_False": 0.030569354222392053,
          "mean_FTR9_in_global_by_15d_False": 0.027512418800152847,
          "non_zero_count_FTR33_in_global_by_1d_True": 0.03324417271685136,
          "non_zero_count_FTR38_in_global_by_1d_True": 0.02445548337791364,
          "nunique_ratio2mean_ftr51_by_400d": 0.03171570500573175,
          "range_FTR33_in_global_by_30d_True": 0.032097821933511655,
          "range_FTR36_in_global_by_30d_False": 0.027512418800152847,
          "range_FTR9_in_global_by_1d_False": 0.03859380970576996,
          "rolling_sum2max_FTR30_30d": 0.028276652655712647,
          "rolling_sum2max_FTR33_45d": 0.02330913259457394,
          "rolling_sum2max_FTR33_7d": 0.03553687428353076,
          "rolling_sumratio2max_FTR41_45d": 0.038975926633549866,
          "rolling_sumratio2max_FTR43_15d": 0.032862055789071455,
          "std_FTR30_in_global_by_7d_True": 0.030951471150171952,
          "std_FTR35_in_global_by_15d_False": 0.036301108139090564,
          "std_FTR48_in_global_by_15d_False": 0.02407336645013374,
          "sum2mean_ftr51_by_400d": 0.02980512036683225,
          "sum_FTR33_in_global_by_1t_False": 0.025983951089033244,
          "sum_FTR41_in_global_by_1t_False": 0.027894535727932747,
          "sum_FTR42_in_global_by_1t_False": 0.02330913259457394,
          "sum_std_count_by_non_zero_group_3d": 0.025983951089033244
        }
      },
      {
        "best_iteration": 254,
        "score_offline": 0.948878,
        "feature_importance_dict": {
          "lda_mean_vector_by_1d_False_5_1": 0.025766205587198263,
          "lda_std_vector_by_1d_False_5_4": 0.028478437754271765,
          "lda_sum_vector_by_1d_False_5_0": 0.027664768104149716,
          "len_std_count_by_non_zero_group_1d": 0.025223759153783564,
          "len_std_count_by_non_zero_group_3d": 0.028207214537564414,
          "max_ratio_FTR32_in_global_by_1t_False": 0.03742880390561432,
          "max_ratio_FTR42_in_global_by_1t_False": 0.031461893138052616,
          "max_ratio_FTR43_in_global_by_1t_False": 0.03200433957146732,
          "max_ratio_FTR43_in_global_by_3d_False": 0.030648223487930566,
          "max_ratio_FTR47_in_global_by_1t_False": 0.038784919989151075,
          "mean_FTR29_in_global_by_1d_True": 0.030377000271223215,
          "mean_FTR33_in_global_by_7d_False": 0.023596419853539462,
          "mean_FTR34_in_global_by_1t_False": 0.044751830756712775,
          "mean_FTR48_in_global_by_1t_False": 0.02142663411988066,
          "mean_FTR9_in_global_by_15d_False": 0.022782750203417412,
          "non_zero_count_FTR33_in_global_by_1d_True": 0.03390290208841877,
          "non_zero_count_FTR38_in_global_by_1d_True": 0.02115541090317331,
          "nunique_ratio2mean_ftr51_by_400d": 0.03336045565500407,
          "range_FTR33_in_global_by_30d_True": 0.032275562788174665,
          "range_FTR36_in_global_by_30d_False": 0.026579875237320316,
          "range_FTR9_in_global_by_1d_False": 0.042582045023053974,
          "rolling_sum2max_FTR30_30d": 0.024952535937076213,
          "rolling_sum2max_FTR33_45d": 0.023596419853539462,
          "rolling_sum2max_FTR33_7d": 0.03661513425549227,
          "rolling_sumratio2max_FTR41_45d": 0.03634391103878492,
          "rolling_sumratio2max_FTR43_15d": 0.03308923243829672,
          "std_FTR30_in_global_by_7d_True": 0.029834553837808517,
          "std_FTR35_in_global_by_15d_False": 0.029020884187686467,
          "std_FTR48_in_global_by_15d_False": 0.022782750203417412,
          "sum2mean_ftr51_by_400d": 0.033631678871711417,
          "sum_FTR33_in_global_by_1t_False": 0.01790073230268511,
          "sum_FTR41_in_global_by_1t_False": 0.027935991320857067,
          "sum_FTR42_in_global_by_1t_False": 0.01817195551939246,
          "sum_std_count_by_non_zero_group_3d": 0.027664768104149716
        }
      },
      {
        "best_iteration": 150,
        "score_offline": 0.948057,
        "feature_importance_dict": {
          "lda_mean_vector_by_1d_False_5_1": 0.034482758620689655,
          "lda_std_vector_by_1d_False_5_4": 0.02846832397754611,
          "lda_sum_vector_by_1d_False_5_0": 0.025260625501202887,
          "len_std_count_by_non_zero_group_1d": 0.02846832397754611,