{
  "result": {
    "best_iteration": [
      251,
      211,
      243,
      201,
      211
    ],
    "score_offline": [
      0.944753,
      0.940075,
      0.950765,
      0.948965,
      0.935229
    ],
    "score_mean_offline": 0.9439573999999998,
    "score_std_offline": 0.005715075698536275,
    "fold_results": [
      {
        "best_iteration": 251,
        "score_offline": 0.944753,
        "feature_importance_dict": {
          "D7_hua_FTR0_SUM_MAX_s_zhang": 0.02639832723470988,
          "D7_hua_FTR34_SUM_MAX_s_zhang": 0.02195504443282802,
          "ftr51_FTR51_B_CONVERT_NUM_UNIQUE_s_zhang": 0.026136957658128592,
          "lda_mean_vector_by_1d_False_5_1": 0.018557239937271302,
          "lda_std_vector_by_1d_False_5_4": 0.02247778358599059,
          "lda_sum_vector_by_1d_False_5_0": 0.026659696811291166,
          "len_std_count_by_non_zero_group_1d": 0.023523261892315735,
          "len_std_count_by_non_zero_group_3d": 0.02561421850496602,
          "max_ratio_FTR32_in_global_by_1t_False": 0.01934134866701516,
          "max_ratio_FTR42_in_global_by_1t_False": 0.024830109775222164,
          "max_ratio_FTR43_in_global_by_1t_False": 0.03188708834291688,
          "max_ratio_FTR43_in_global_by_3d_False": 0.02195504443282802,
          "max_ratio_FTR47_in_global_by_1t_False": 0.030318870883429168,
          "mean_FTR29_in_global_by_1d_True": 0.02509147935180345,
          "mean_FTR33_in_global_by_7d_False": 0.02639832723470988,
          "mean_FTR34_in_global_by_1t_False": 0.0334553058024046,
          "mean_FTR48_in_global_by_1t_False": 0.027443805541035024,
          "mean_FTR9_in_global_by_15d_False": 0.020125457396759017,
          "new_FTR36_CONVERT_NUM_NO_ZERO_s_zhang": 0.01986408782017773,
          "non_zero_count_FTR33_in_global_by_1d_True": 0.03214845791949817,
          "nunique_ratio2mean_ftr51_by_400d": 0.02195504443282802,
          "range_FTR33_in_global_by_30d_True": 0.025352848928384734,
          "range_FTR36_in_global_by_30d_False": 0.024307370622059593,
          "range_FTR9_in_global_by_1d_False": 0.03737584945112389,
          "raw_FTR30_MAX_s_zhang": 0.02587558808154731,
          "raw_FTR33_SUM_s_zhang": 0.01986408782017773,
          "raw_FTR41_SUM_s_zhang": 0.024568740198640877,
          "raw_FTR42_SUM_s_zhang": 0.029796131730266597,
          "raw_FTR9_MAX_s_zhang": 0.021170935703084162,
          "rolling_sum2max_FTR30_30d": 0.027443805541035024,
          "rolling_sum2max_FTR33_45d": 0.02378463146889702,
          "rolling_sum2max_FTR33_7d": 0.02561421850496602,
          "rolling_sumratio2max_FTR41_45d": 0.03476215368531103,
          "rolling_sumratio2max_FTR43_15d": 0.03293256664924203,
          "std_FTR30_in_global_by_7d_True": 0.024307370622059593,
          "std_FTR35_in_global_by_15d_False": 0.02195504443282802,
          "std_FTR48_in_global_by_15d_False": 0.024830109775222164,
          "sum_std_count_by_non_zero_group_3d": 0.02561421850496602,
          "year_count_max_s_zhang": 0.024307370622059593
        }
      },
      {
        "best_iteration": 211,
        "score_offline": 0.940075,
        "feature_importance_dict": {
          "D7_hua_FTR0_SUM_MAX_s_zhang": 0.0287856071964018,
          "D7_hua_FTR34_SUM_MAX_s_zhang": 0.024287856071964018,
          "ftr51_FTR51_B_CONVERT_NUM_UNIQUE_s_zhang": 0.03088455772113943,
          "lda_mean_vector_by_1d_False_5_1": 0.023088455772113943,
          "lda_std_vector_by_1d_False_5_4": 0.019490254872563718,
          "lda_sum_vector_by_1d_False_5_0": 0.023388305847076463,
          "len_std_count_by_non_zero_group_1d": 0.017991004497751123,
          "len_std_count_by_non_zero_group_3d": 0.021289355322338832,
          "max_ratio_FTR32_in_global_by_1t_False": 0.019490254872563718,
          "max_ratio_FTR42_in_global_by_1t_False": 0.027586206896551724,
          "max_ratio_FTR43_in_global_by_1t_False": 0.0239880059970015,
          "max_ratio_FTR43_in_global_by_3d_False": 0.02638680659670165,
          "max_ratio_FTR47_in_global_by_1t_False": 0.027286356821589204,
          "mean_FTR29_in_global_by_1d_True": 0.02848575712143928,
          "mean_FTR33_in_global_by_7d_False": 0.024287856071964018,
          "mean_FTR34_in_global_by_1t_False": 0.036881559220389805,
          "mean_FTR48_in_global_by_1t_False": 0.029985007496251874,
          "mean_FTR9_in_global_by_15d_False": 0.024887556221889054,
          "new_FTR36_CONVERT_NUM_NO_ZERO_s_zhang": 0.025187406296851574,
          "non_zero_count_FTR33_in_global_by_1d_True": 0.03298350824587706,
          "nunique_ratio2mean_ftr51_by_400d": 0.022488755622188907,
          "range_FTR33_in_global_by_30d_True": 0.025187406296851574,
          "range_FTR36_in_global_by_30d_False": 0.0239880059970015,
          "range_FTR9_in_global_by_1d_False": 0.030584707646176913,
          "raw_FTR30_MAX_s_zhang": 0.023388305847076463,
          "raw_FTR33_SUM_s_zhang": 0.02608695652173913,
          "raw_FTR41_SUM_s_zhang": 0.018590704647676162,
          "raw_FTR42_SUM_s_zhang": 0.025187406296851574,
          "raw_FTR9_MAX_s_zhang": 0.019490254872563718,
          "rolling_sum2max_FTR30_30d": 0.020689655172413793,
          "rolling_sum2max_FTR33_45d": 0.023088455772113943,
          "rolling_sum2max_FTR33_7d": 0.028185907046476763,
          "rolling_sumratio2max_FTR41_45d": 0.034482758620689655,
          "rolling_sumratio2max_FTR43_15d": 0.03118440779610195,
          "std_FTR30_in_global_by_7d_True": 0.02608695652173913,
          "std_FTR35_in_global_by_15d_False": 0.033883058470764615,
          "std_FTR48_in_global_by_15d_False": 0.019790104947526237,
          "sum_std_count_by_non_zero_group_3d": 0.02638680659670165,
          "year_count_max_s_zhang": 0.024587706146926538
        }
      },
      {
        "best_iteration": 243,
        "score_offline": 0.950765,
        "feature_importance_dict": {
          "D7_hua_FTR0_SUM_MAX_s_zhang": 0.03182669162877775,
          "D7_hua_FTR34_SUM_MAX_s_zhang": 0.02407060711420166,
          "ftr51_FTR51_B_CONVERT_NUM_UNIQUE_s_zhang": 0.026477667825621824,
          "lda_mean_vector_by_1d_False_5_1": 0.025140411874832843,
          "lda_std_vector_by_1d_False_5_4": 0.02032629045199251,
          "lda_sum_vector_by_1d_False_5_0": 0.02032629045199251,
          "len_std_count_by_non_zero_group_1d": 0.020058839261834716,
          "len_std_count_by_non_zero_group_3d": 0.02380315592404386,
          "max_ratio_FTR32_in_global_by_1t_False": 0.03102433805830436,
          "max_ratio_FTR42_in_global_by_1t_False": 0.028617277346884195,
          "max_ratio_FTR43_in_global_by_1t_False": 0.024338058304359454,
          "max_ratio_FTR43_in_global_by_3d_False": 0.019523936881519124,
          "max_ratio_FTR47_in_global_by_1t_False": 0.03396630115004012,
          "mean_FTR29_in_global_by_1d_True": 0.026745119015779622,
          "mean_FTR33_in_global_by_7d_False": 0.02193099759293929,
          "mean_FTR34_in_global_by_1t_False": 0.031291789248462154,
          "mean_FTR48_in_global_by_1t_False": 0.029954533297673176,
          "mean_FTR9_in_global_by_15d_False": 0.02460550949451725,
          "new_FTR36_CONVERT_NUM_NO_ZERO_s_zhang": 0.022733351163412678,
          "non_zero_count_FTR33_in_global_by_1d_True": 0.030489435677988768,
          "nunique_ratio2mean_ftr51_by_400d": 0.023000802353570472,
          "range_FTR33_in_global_by_30d_True": 0.025675314255148435,
          "range_FTR36_in_global_by_30d_False": 0.026477667825621824,
          "range_FTR9_in_global_by_1d_False": 0.03744316662209147,
          "raw_FTR30_MAX_s_zhang": 0.018721583311045734,
          "raw_FTR33_SUM_s_zhang": 0.02407060711420166,
          "raw_FTR41_SUM_s_zhang": 0.02380315592404386,
          "raw_FTR42_SUM_s_zhang": 0.02460550949451725,
          "raw_FTR9_MAX_s_zhang": 0.02326825354372827,
          "rolling_sum2max_FTR30_30d": 0.017384327360256753,
          "rolling_sum2max_FTR33_45d": 0.023535704733886064,
          "rolling_sum2max_FTR33_7d": 0.03102433805830436,